"Date","Dernier","Ouv."," Plus Haut","Plus Bas","Vol.","Variation %"
"06/03/2026","10,66","10,66","10,66","10,66","0,01K","-1,20%"
"05/03/2026","10,79","10,40","10,79","10,40","0,02K","3,40%"
"04/03/2026","10,44","10,44","10,44","10,44","0,03K","-1,42%"
"03/03/2026","10,59","10,59","10,59","10,59","0,09K","-0,33%"
"02/03/2026","10,62","10,36","10,40","10,36","0,29K","2,16%"
"27/02/2026","10,40","10,18","10,18","10,10","0,33K","4,52%"
"26/02/2026","9,94","9,97","10,02","9,82","0,73K","0,40%"
"25/02/2026","9,90","9,88","9,97","9,80","0,72K","0,46%"
"24/02/2026","9,86","9,96","10,05","9,81","0,78K","-1,25%"
"23/02/2026","9,98","10,16","10,19","9,96","1,42K","-1,77%"
"20/02/2026","10,16","10,25","10,26","10,03","1,29K","0,00%"
"19/02/2026","10,16","10,32","10,44","10,10","1,55K","-1,07%"
"18/02/2026","10,27","10,72","10,74","10,27","2,08K","-4,46%"
"17/02/2026","10,76","11,07","11,07","10,65","2,09K","-2,40%"
"13/02/2026","11,02","11,13","11,23","10,98","2,15K","-1,61%"
"12/02/2026","11,20","11,10","11,23","10,99","0,92K","0,58%"
"11/02/2026","11,14","11,23","11,24","11,12","1,34K","-0,85%"
"10/02/2026","11,23","11,20","11,28","11,16","1,09K","0,36%"
"09/02/2026","11,19","11,23","11,34","11,16","1,05K","-0,36%"
"06/02/2026","11,23","11,27","11,28","11,20","0,96K","-0,35%"
"05/02/2026","11,27","11,07","11,29","11,06","1,25K","1,85%"
"04/02/2026","11,06","11,09","11,18","11,02","0,76K","-0,23%"
"03/02/2026","11,09","11,07","11,15","11,06","0,51K","-0,22%"
"02/02/2026","11,11","10,95","11,18","10,90","1,05K","0,77%"
"30/01/2026","11,03","11,10","11,19","10,97","1,13K","-0,81%"
"29/01/2026","11,12","10,98","11,15","10,95","1,34K","1,00%"
"28/01/2026","11,01","10,93","11,03","10,87","1,04K","0,46%"
"27/01/2026","10,96","10,89","11,07","10,89","0,93K","0,23%"
"26/01/2026","10,94","10,65","11,07","10,65","1,52K","2,63%"
"23/01/2026","10,65","10,59","10,69","10,56","0,38K","-0,28%"
"22/01/2026","10,69","10,78","10,78","10,63","0,50K","-0,97%"
"21/01/2026","10,79","10,68","10,81","10,61","0,96K","0,94%"
"20/01/2026","10,69","10,60","10,69","10,36","0,76K","0,85%"
"16/01/2026","10,60","10,57","10,69","10,50","0,49K","0,00%"
"15/01/2026","10,60","10,51","10,68","10,51","0,62K","3,36%"
"14/01/2026","10,26","10,26","10,26","10,26","0,00K","-0,82%"
"13/01/2026","10,34","10,23","10,23","10,23","0,02K","3,50%"
"12/01/2026","9,99","9,77","9,90","9,77","0,01K","0,10%"
"09/01/2026","9,98","9,98","9,98","9,98","0,06K","0,45%"
"08/01/2026","9,94","9,94","9,94","9,94","0,03K","-1,73%"
"07/01/2026","10,11","10,20","10,20","10,20","0,08K","0,40%"
"06/01/2026","10,07","10,06","10,25","10,06","0,06K","1,51%"
"05/01/2026","9,92","9,60","10,05","9,60","0,06K","5,48%"
"02/01/2026","9,40","9,56","9,56","9,33","0,10K","-1,98%"
"31/12/2025","9,60","9,51","9,59","9,51","0,17K","1,21%"
"30/12/2025","9,48","9,50","9,61","9,41","0,77K","-0,32%"
"29/12/2025","9,51","9,75","9,78","9,40","0,87K","-2,81%"
"26/12/2025","9,78","9,93","9,98","9,74","0,47K","-1,31%"
"24/12/2025","9,91","9,83","9,93","9,81","0,36K","1,07%"
"23/12/2025","9,81","9,76","9,91","9,73","0,74K","-0,30%"
"22/12/2025","9,84","9,78","9,94","9,67","1,35K","0,56%"
"19/12/2025","9,78","9,59","9,80","9,50","1,76K","2,19%"
"18/12/2025","9,57","9,36","9,60","9,24","2,48K","2,08%"
"17/12/2025","9,38","9,52","9,58","9,35","2,77K","-1,21%"
"16/12/2025","9,49","9,73","9,73","9,45","2,86K","-2,62%"
"15/12/2025","9,75","9,86","9,96","9,73","1,75K","-1,12%"
"12/12/2025","9,86","9,82","9,91","9,77","1,27K","0,36%"
"11/12/2025","9,82","9,93","9,95","9,76","1,64K","-1,11%"
"10/12/2025","9,94","10,06","10,09","9,85","0,60K","-1,58%"
"09/12/2025","10,10","10,11","10,20","10,03","0,39K","-0,49%"
"08/12/2025","10,15","9,98","10,21","9,98","0,65K","1,60%"
"05/12/2025","9,98","10,09","10,10","9,95","0,64K","-1,04%"
"04/12/2025","10,09","9,90","10,11","9,88","0,70K","1,77%"
"03/12/2025","9,91","10,10","10,19","9,83","0,92K","-1,98%"
"02/12/2025","10,11","10,19","10,28","10,09","0,88K","-0,59%"
"01/12/2025","10,18","10,13","10,28","10,07","1,09K","0,99%"
"28/11/2025","10,07","10,18","10,19","10,06","0,29K","-0,59%"
"26/11/2025","10,14","10,19","10,32","10,13","0,35K","-0,34%"
"25/11/2025","10,17","10,40","10,40","10,13","0,39K","-2,35%"
"24/11/2025","10,41","10,38","10,50","10,33","0,45K","-0,29%"
"21/11/2025","10,44","10,05","10,50","10,03","0,78K","4,14%"
"20/11/2025","10,03","10,18","10,18","10,01","0,55K","-0,74%"
"19/11/2025","10,10","10,35","10,38","10,06","0,80K","-2,37%"
"18/11/2025","10,35","10,44","10,56","10,34","0,61K","-0,86%"
"17/11/2025","10,44","10,49","10,50","10,43","0,41K","2,96%"
"14/11/2025","10,14","10,40","10,40","10,15","0,01K","0,15%"
"13/11/2025","10,13","10,13","10,21","10,13","0,09K","-1,56%"
"12/11/2025","10,28","10,28","10,28","10,28","0,02K","-0,48%"
"11/11/2025","10,34","10,34","10,34","10,34","","2,07%"
"10/11/2025","10,13","10,13","10,13","10,13","","1,00%"
"07/11/2025","10,02","10,02","10,02","10,02","","0,10%"
"06/11/2025","10,02","10,02","10,02","10,02","0,01K","0,70%"
"05/11/2025","9,94","9,94","9,94","9,94","0,08K","-2,50%"
"04/11/2025","10,20","10,20","10,20","10,20","0,01K","-0,34%"
"03/11/2025","10,23","10,23","10,23","10,23","","-0,29%"
"31/10/2025","10,27","10,25","10,27","10,16","0,18K","0,29%"
"30/10/2025","10,23","10,05","10,27","9,86","0,80K","2,20%"
"29/10/2025","10,02","10,28","10,28","9,98","1,61K","-2,63%"
"28/10/2025","10,28","10,27","10,39","10,20","1,12K","0,00%"
"27/10/2025","10,28","10,20","10,30","9,89","2,52K","1,23%"
"24/10/2025","10,16","10,28","10,30","10,10","1,16K","-0,78%"
"23/10/2025","10,24","10,29","10,32","10,16","1,07K","-0,19%"
"22/10/2025","10,26","10,43","10,50","10,24","0,96K","-2,01%"
"21/10/2025","10,47","10,44","10,55","10,44","0,97K","-0,10%"
"20/10/2025","10,48","10,66","10,69","10,45","3,35K","-1,32%"
"17/10/2025","10,62","10,69","10,74","10,57","2,05K","-0,65%"
"16/10/2025","10,69","10,59","10,75","10,57","1,58K","0,99%"
"15/10/2025","10,59","10,67","10,72","10,54","1,30K","-1,31%"
"14/10/2025","10,73","10,74","10,82","10,60","0,70K","0,09%"
"13/10/2025","10,72","10,67","10,88","10,65","","0,33%"
"10/10/2025","10,68","10,76","10,89","10,66","0,76K","-1,88%"
"09/10/2025","10,89","10,73","10,93","10,70","0,70K","1,49%"
"08/10/2025","10,73","10,87","10,88","10,72","0,74K","-1,52%"
"07/10/2025","10,89","11,00","11,02","10,81","0,56K","-1,31%"
"06/10/2025","11,03","11,07","11,14","10,85","0,61K","-0,68%"
"03/10/2025","11,11","10,98","11,24","10,98","0,58K","0,91%"
"02/10/2025","11,01","11,03","11,10","10,98","0,54K","-0,59%"
"01/10/2025","11,07","11,18","11,20","10,93","1,38K","-0,81%"
"30/09/2025","11,16","11,34","11,36","11,15","0,96K","-1,72%"
"29/09/2025","11,36","11,31","11,45","11,26","0,60K","1,02%"
"26/09/2025","11,24","11,44","11,45","11,20","0,72K","-1,10%"
"25/09/2025","11,37","11,45","11,51","11,36","0,36K","-0,52%"
"24/09/2025","11,43","11,52","11,52","11,41","0,34K","-0,44%"
"23/09/2025","11,48","11,42","11,57","11,40","0,31K","0,13%"
"22/09/2025","11,47","11,51","11,53","11,41","0,41K","-0,30%"
"19/09/2025","11,50","11,48","11,60","11,43","0,29K","-0,17%"
"18/09/2025","11,52","11,60","11,61","11,44","0,32K","-0,60%"
"17/09/2025","11,59","11,68","11,82","11,55","0,68K","-1,28%"
"16/09/2025","11,74","11,55","11,77","11,48","0,96K","1,82%"
"15/09/2025","11,53","11,41","11,56","11,31","0,89K","2,72%"
"12/09/2025","11,23","11,35","11,35","11,15","0,11K","-1,32%"
"11/09/2025","11,38","11,32","11,32","11,32","0,01K","0,44%"
"10/09/2025","11,32","11,33","11,33","11,25","0,03K","-0,18%"
"09/09/2025","11,35","11,35","11,35","11,35","0,02K","0,00%"
"08/09/2025","11,35","11,58","11,58","11,32","0,02K","-2,03%"
"05/09/2025","11,58","11,54","11,54","11,54","0,01K","-0,30%"
"04/09/2025","11,61","11,77","11,77","11,54","0,07K","-1,15%"
"03/09/2025","11,75","11,77","11,77","11,77","0,06K","0,56%"
"02/09/2025","11,69","11,89","11,90","11,89","0,07K","-0,89%"
"29/08/2025","11,79","11,57","11,85","11,57","0,13K","2,34%"
"28/08/2025","11,52","11,55","11,56","11,42","0,65K","0,00%"
"27/08/2025","11,52","11,81","11,86","11,48","1,02K","-2,87%"
"26/08/2025","11,86","11,72","11,89","11,66","0,84K","1,67%"
"25/08/2025","11,67","11,58","11,71","11,49","0,90K","1,26%"
"22/08/2025","11,52","11,84","11,84","11,43","1,29K","-1,79%"
"21/08/2025","11,73","12,09","12,15","11,73","1,20K","-2,65%"
"20/08/2025","12,06","12,44","12,53","11,77","0,71K","-3,64%"
"19/08/2025","12,51","12,60","12,63","12,38","1,50K","-0,60%"
"18/08/2025","12,59","12,69","12,70","12,55","2,28K","-0,91%"
"15/08/2025","12,70","12,69","12,82","12,65","0,99K","-0,63%"
"14/08/2025","12,78","12,86","12,90","12,66","1,00K","-0,04%"
"13/08/2025","12,78","12,69","12,93","12,60","1,16K","0,04%"
"12/08/2025","12,78","13,06","13,33","12,60","2,11K","-1,46%"
"11/08/2025","12,97","12,79","13,06","12,72","0,99K","1,97%"
"08/08/2025","12,72","12,65","12,81","12,65","0,94K","0,12%"
"07/08/2025","12,70","12,47","12,74","12,47","0,71K","1,52%"
"06/08/2025","12,52","12,52","12,60","12,43","0,76K","-0,08%"
"05/08/2025","12,52","12,31","12,56","12,20","0,51K","2,00%"
"04/08/2025","12,28","12,27","12,37","12,19","0,43K","0,24%"
"01/08/2025","12,25","12,34","12,40","12,15","0,94K","-0,24%"
"31/07/2025","12,28","12,37","12,40","12,26","0,62K","-0,61%"
"30/07/2025","12,35","12,40","12,49","12,34","0,51K","-0,24%"
"29/07/2025","12,39","12,44","12,47","12,35","0,40K","-0,68%"
"28/07/2025","12,47","12,60","12,76","12,44","0,73K","-1,15%"
"25/07/2025","12,61","12,48","12,65","12,48","0,41K","0,56%"
"24/07/2025","12,55","12,56","12,66","12,46","0,61K","0,08%"
"23/07/2025","12,53","12,40","12,57","12,39","0,66K","1,25%"
"22/07/2025","12,38","12,32","12,43","12,28","0,66K","0,49%"
"21/07/2025","12,32","12,41","12,43","12,28","0,75K","-0,36%"
"18/07/2025","12,36","12,52","12,65","12,34","1,13K","-1,24%"
"17/07/2025","12,52","12,65","12,78","12,51","0,68K","-1,11%"
"16/07/2025","12,66","12,72","12,85","12,60","0,52K","-0,04%"
"15/07/2025","12,66","12,68","12,74","12,64","0,49K","2,34%"
"14/07/2025","12,38","12,38","12,38","12,38","","-0,56%"
"11/07/2025","12,44","12,48","12,48","12,48","0,04K","-1,07%"
"10/07/2025","12,58","12,58","12,58","12,58","0,00K","-1,68%"
"09/07/2025","12,80","12,80","12,80","12,80","0,07K","0,91%"
"08/07/2025","12,68","12,68","12,68","12,68","","2,13%"
"07/07/2025","12,41","12,46","12,46","12,46","0,03K","-1,55%"
"03/07/2025","12,61","12,61","12,61","12,61","0,04K","-0,04%"
"02/07/2025","12,61","12,61","12,61","12,61","","-0,36%"
"01/07/2025","12,66","12,66","12,66","12,66","","-2,28%"
"30/06/2025","12,95","13,16","13,26","13,00","0,10K","-1,14%"
"27/06/2025","13,10","13,03","13,15","12,93","0,62K","0,50%"
"26/06/2025","13,04","13,35","13,35","12,86","0,63K","-1,66%"
"25/06/2025","13,26","13,55","13,58","13,20","0,59K","-2,21%"
"24/06/2025","13,56","13,35","13,61","13,32","1,04K","1,12%"
"23/06/2025","13,41","13,48","13,56","13,39","0,98K","-0,89%"
"20/06/2025","13,53","13,56","13,67","13,48","0,94K","-0,22%"
"18/06/2025","13,56","13,51","13,59","13,47","0,90K","0,22%"
"17/06/2025","13,53","13,34","13,57","13,34","0,88K","0,82%"
"16/06/2025","13,42","13,75","13,77","13,28","1,91K","-2,54%"
"13/06/2025","13,77","13,72","13,80","13,69","0,80K","0,25%"
"12/06/2025","13,73","13,64","13,75","13,59","0,55K","0,48%"
"11/06/2025","13,67","13,65","13,75","13,60","0,68K","-0,33%"
"10/06/2025","13,72","13,50","13,72","13,42","0,78K","0,70%"
"09/06/2025","13,62","13,64","13,71","13,51","0,85K","-0,22%"
"06/06/2025","13,65","13,60","13,66","13,51","0,57K","0,26%"
"05/06/2025","13,61","13,41","13,65","13,35","0,58K","0,89%"
"04/06/2025","13,49","13,16","13,50","13,14","0,52K","2,43%"
"03/06/2025","13,18","13,39","13,39","13,15","0,60K","-1,50%"
"02/06/2025","13,38","13,52","13,55","13,32","0,63K","-0,89%"
"30/05/2025","13,49","13,33","13,53","13,32","0,55K","1,05%"
"29/05/2025","13,35","13,48","13,50","13,32","0,47K","-1,04%"
"28/05/2025","13,49","13,34","13,50","13,25","0,69K","1,28%"
"27/05/2025","13,32","13,14","13,48","13,13","0,98K","1,18%"
"23/05/2025","13,17","12,91","13,34","12,91","1,09K","1,97%"
"22/05/2025","12,91","13,13","13,19","12,86","0,75K","-1,86%"
"21/05/2025","13,16","12,81","13,23","12,81","0,93K","3,62%"
"20/05/2025","12,70","12,74","12,82","12,60","0,29K","0,08%"
"19/05/2025","12,69","12,87","12,89","12,65","0,39K","-0,98%"
"16/05/2025","12,81","12,91","12,95","12,72","0,52K","-0,74%"
"15/05/2025","12,91","12,65","12,92","12,65","0,41K","3,57%"
"14/05/2025","12,47","12,47","12,47","12,47","0,02K","3,66%"
"13/05/2025","12,02","12,02","12,02","12,02","0,11K","-2,35%"
"12/05/2025","12,31","12,31","12,31","12,31","0,12K","-0,73%"
"09/05/2025","12,40","12,40","12,40","12,40","0,04K","-0,56%"
"08/05/2025","12,48","12,48","12,48","12,48","0,02K","-1,89%"
"07/05/2025","12,72","12,72","12,72","12,72","0,03K","0,91%"
"06/05/2025","12,60","12,58","12,64","12,58","0,01K","1,25%"
"05/05/2025","12,44","12,44","12,44","12,44","0,01K","-1,35%"
"02/05/2025","12,61","12,61","12,61","12,61","0,02K","-1,48%"
"01/05/2025","12,81","12,81","12,81","12,81","0,14K","-1,08%"
"30/04/2025","12,94","12,80","12,80","12,80","0,12K","3,77%"
"29/04/2025","12,48","12,50","12,50","12,24","0,76K","-0,28%"
"28/04/2025","12,51","12,95","12,95","11,91","0,86K","-3,29%"
"25/04/2025","12,94","13,10","13,15","12,81","1,56K","-1,33%"
"24/04/2025","13,11","13,15","13,27","12,94","0,95K","-0,72%"
"23/04/2025","13,20","13,30","13,37","13,10","0,78K","-0,75%"
"22/04/2025","13,31","13,40","13,49","13,18","1,85K","-1,77%"
"21/04/2025","13,55","13,47","13,60","13,38","0,65K","0,56%"
"17/04/2025","13,47","13,36","13,54","13,26","1,01K","0,52%"
"16/04/2025","13,40","13,64","13,66","13,36","1,42K","-2,40%"
"15/04/2025","13,73","13,71","13,78","13,59","1,82K","0,15%"
"14/04/2025","13,71","13,49","13,83","13,40","1,38K","1,52%"
"11/04/2025","13,51","13,23","13,58","13,23","0,76K","1,96%"
"10/04/2025","13,24","13,55","13,64","13,23","0,78K","-2,25%"
"09/04/2025","13,55","13,53","13,57","13,36","0,59K","0,30%"
"08/04/2025","13,51","13,35","13,64","13,34","0,93K","1,43%"
"07/04/2025","13,32","13,05","13,37","13,05","0,54K","1,87%"
"04/04/2025","13,07","13,10","13,15","13,01","0,46K","0,00%"
"03/04/2025","13,07","13,20","13,25","12,99","0,87K","-1,13%"
"02/04/2025","13,23","13,38","13,44","13,14","0,53K","-0,56%"
"01/04/2025","13,30","13,56","13,57","13,28","0,84K","-1,99%"
"31/03/2025","13,57","13,52","13,65","13,39","0,56K","0,41%"
"28/03/2025","13,52","13,48","13,54","13,41","0,59K","0,37%"
"27/03/2025","13,47","13,21","13,48","13,17","0,44K","2,16%"
"26/03/2025","13,18","13,24","13,25","13,13","0,26K","-0,04%"
"25/03/2025","13,19","13,37","13,37","13,11","0,47K","-1,35%"
"24/03/2025","13,36","13,43","13,44","13,28","0,28K","-0,41%"
"21/03/2025","13,42","13,32","13,45","13,30","0,83K","0,83%"
"20/03/2025","13,31","13,28","13,39","13,06","0,64K","0,26%"
"19/03/2025","13,27","13,48","13,48","13,27","0,61K","-1,88%"
"18/03/2025","13,53","13,52","13,56","13,32","0,46K","0,37%"
"17/03/2025","13,48","13,68","13,87","13,36","0,60K","0,41%"
"14/03/2025","13,43","13,43","13,43","13,43","0,16K","-0,74%"
"13/03/2025","13,52","13,52","13,52","13,52","","-0,11%"
"12/03/2025","13,54","13,56","13,57","13,55","0,05K","-1,53%"
"11/03/2025","13,75","13,75","13,81","13,75","0,04K","0,51%"
"10/03/2025","13,68","13,55","13,73","13,55","0,07K","3,28%"
"07/03/2025","13,24","12,86","12,94","12,86","0,03K","2,75%"
"06/03/2025","12,89","13,05","13,06","12,75","0,07K","-1,30%"
"05/03/2025","13,06","13,06","13,06","13,06","0,11K","-1,66%"
"04/03/2025","13,28","13,30","13,30","13,17","0,38K","-0,49%"
"03/03/2025","13,35","13,30","13,31","13,26","0,13K","0,45%"
"28/02/2025","13,28","13,25","13,32","13,15","0,11K","0,04%"
"27/02/2025","13,28","13,31","13,31","13,19","0,70K","0,45%"
"26/02/2025","13,22","13,38","13,49","13,20","1,22K","-1,75%"
"25/02/2025","13,45","13,48","13,61","13,31","1,11K","0,07%"
"24/02/2025","13,44","13,60","13,68","13,40","0,86K","-1,14%"
"21/02/2025","13,60","13,94","13,95","13,58","1,58K","-2,54%"
"20/02/2025","13,95","14,00","14,09","13,84","1,44K","-0,29%"
"19/02/2025","13,99","13,98","14,07","13,94","1,88K","-0,11%"
"18/02/2025","14,01","14,08","14,09","13,97","1,66K","-0,04%"
"14/02/2025","14,02","14,03","14,11","13,98","1,44K","-0,18%"
"13/02/2025","14,04","13,85","14,07","13,72","1,34K","1,67%"
"12/02/2025","13,81","13,99","14,08","13,78","1,01K","-1,18%"
"11/02/2025","13,98","13,90","14,15","13,77","1,11K","0,32%"
"10/02/2025","13,93","13,76","13,97","13,58","0,92K","1,57%"
"07/02/2025","13,72","13,69","13,80","13,63","0,81K","0,48%"
"06/02/2025","13,65","13,54","13,83","13,50","1,26K","1,11%"
"05/02/2025","13,50","13,55","13,65","13,38","1,16K","-0,37%"
"04/02/2025","13,55","13,73","13,74","13,49","1,42K","-1,31%"
"03/02/2025","13,73","13,84","13,92","13,73","1,16K","-0,83%"
"31/01/2025","13,85","13,99","13,99","13,75","1,15K","-0,65%"
"30/01/2025","13,94","14,13","14,20","13,93","0,96K","-1,38%"
"29/01/2025","14,13","14,13","14,19","14,08","0,56K","-0,49%"
"28/01/2025","14,20","14,43","14,48","14,06","0,95K","-1,93%"
"27/01/2025","14,48","14,67","14,70","14,46","0,88K","-1,33%"
"24/01/2025","14,68","14,85","14,86","14,60","0,45K","-1,18%"
"23/01/2025","14,85","14,76","14,90","14,76","0,39K","0,13%"
"22/01/2025","14,83","14,92","14,99","14,80","0,66K","-1,07%"
"21/01/2025","14,99","14,84","14,99","14,72","1,03K","1,25%"
"17/01/2025","14,81","14,72","14,81","14,45","0,89K","1,13%"
"16/01/2025","14,64","14,73","14,85","14,60","0,66K","-1,28%"
"15/01/2025","14,83","14,71","14,86","14,63","0,97K","1,99%"
"14/01/2025","14,54","14,44","14,53","14,44","0,03K","1,18%"
"13/01/2025","14,37","14,37","14,44","14,37","0,00K","0,00%"
"10/01/2025","14,37","14,29","14,37","14,27","0,04K","0,70%"
"09/01/2025","14,27","14,30","14,41","14,11","0,07K","1,64%"
"08/01/2025","14,04","13,94","14,03","13,89","0,07K","1,45%"
"07/01/2025","13,84","13,85","13,85","13,84","0,01K","-0,07%"
"06/01/2025","13,85","13,85","13,89","13,85","0,06K","0,07%"
"03/01/2025","13,84","14,00","14,00","13,84","0,07K","-1,49%"
"02/01/2025","14,05","14,00","14,05","14,00","0,02K","0,36%"
"31/12/2024","14,00","13,97","14,01","13,97","0,06K","2,87%"
"30/12/2024","13,61","13,86","13,88","13,57","0,90K","-1,38%"
"27/12/2024","13,80","13,93","13,98","13,76","0,66K","-0,86%"
"26/12/2024","13,92","14,07","14,06","13,90","0,33K","-0,93%"
"24/12/2024","14,05","14,10","14,09","13,92","0,69K","0,29%"
"23/12/2024","14,01","14,16","14,28","13,69","1,28K","-0,46%"
"20/12/2024","14,07","14,45","14,47","13,98","0,95K","-2,53%"
"19/12/2024","14,44","14,82","14,82","14,40","0,90K","-2,56%"
"18/12/2024","14,82","15,00","14,99","14,78","0,77K","-1,07%"
"17/12/2024","14,98","14,95","15,00","14,90","0,93K","0,20%"
"16/12/2024","14,95","15,02","15,02","14,94","1,09K","-0,20%"
"13/12/2024","14,98","15,02","15,04","14,97","0,55K","-0,20%"
"12/12/2024","15,01","15,04","15,10","15,00","0,58K","-0,20%"
"11/12/2024","15,04","15,08","15,13","15,01","0,50K","-0,46%"
"10/12/2024","15,11","15,11","15,13","15,08","0,42K","0,00%"
"09/12/2024","15,11","15,05","15,14","15,03","0,77K","0,23%"
"06/12/2024","15,07","15,10","15,18","15,07","0,32K","-0,46%"
"05/12/2024","15,15","15,18","15,23","15,10","0,50K","-0,10%"
"04/12/2024","15,16","15,26","15,28","14,98","0,65K","-1,01%"
"03/12/2024","15,31","15,29","15,31","15,16","0,84K","0,10%"
"02/12/2024","15,30","15,23","15,30","15,16","0,68K","0,39%"
"29/11/2024","15,24","15,17","15,25","15,15","0,58K","0,59%"
"27/11/2024","15,15","15,13","15,25","15,09","0,75K","0,17%"
"26/11/2024","15,13","14,90","15,15","14,89","0,46K","1,10%"
"25/11/2024","14,96","15,10","15,13","14,90","0,63K","-1,25%"
"22/11/2024","15,15","15,15","15,18","15,02","0,33K","-0,03%"
"21/11/2024","15,15","15,09","15,23","15,09","0,71K","0,17%"
"20/11/2024","15,13","15,04","15,15","14,98","0,32K","0,27%"
"19/11/2024","15,09","15,14","15,29","15,02","0,67K","-0,10%"
"18/11/2024","15,10","15,05","15,37","15,04","1,67K","0,63%"
"15/11/2024","15,01","14,61","15,10","14,61","0,97K","2,28%"
"14/11/2024","14,68","14,77","14,77","14,68","0,88K","-0,98%"
"12/11/2024","14,82","14,73","14,82","14,73","0,02K","1,30%"
"06/11/2024","14,63","14,59","14,63","14,59","0,00K","-1,48%"
"01/11/2024","14,85","14,85","14,85","14,85","","1,02%"
"31/10/2024","14,70","14,72","14,81","14,68","0,13K","0,89%"
"30/10/2024","14,57","14,90","15,01","14,57","0,20K","-2,54%"
"29/10/2024","14,95","15,02","15,06","14,89","0,47K","-0,70%"
"28/10/2024","15,06","15,08","15,13","15,05","0,78K","0,00%"
"25/10/2024","15,06","14,98","15,08","14,98","0,59K","0,13%"
"24/10/2024","15,03","15,09","15,09","14,95","0,97K","-0,40%"
"23/10/2024","15,10","15,09","15,17","15,08","0,81K","-0,10%"
"22/10/2024","15,11","15,03","15,25","15,03","0,83K","0,27%"
"21/10/2024","15,07","15,02","15,15","14,98","1,70K","0,47%"
"18/10/2024","15,00","14,96","15,01","14,93","0,66K","0,20%"
"17/10/2024","14,97","15,03","15,07","14,95","0,93K","-0,89%"
"16/10/2024","15,10","14,97","15,19","14,91","0,77K","0,63%"
"15/10/2024","15,01","15,19","15,19","14,91","0,67K","-0,89%"
"14/10/2024","15,15","14,95","15,24","14,94","0,63K","1,27%"
"11/10/2024","14,95","15,06","15,06","14,95","0,52K","-0,76%"
"10/10/2024","15,07","15,16","15,21","15,02","0,80K","-0,69%"
"09/10/2024","15,18","15,15","15,27","15,15","0,61K","0,20%"
"08/10/2024","15,15","15,14","15,27","15,09","0,62K","0,00%"
"07/10/2024","15,15","15,14","15,30","15,07","0,65K","0,10%"
"04/10/2024","15,14","15,15","15,30","15,07","0,42K","-0,16%"
"03/10/2024","15,16","15,10","15,30","15,02","0,55K","-0,10%"
"02/10/2024","15,18","15,24","15,24","15,01","0,29K","-0,75%"
"01/10/2024","15,29","15,24","15,36","15,15","0,74K","0,33%"
"30/09/2024","15,24","15,17","15,40","14,91","0,81K","0,79%"
"27/09/2024","15,12","15,05","15,33","14,90","0,79K","1,31%"
"26/09/2024","14,93","15,05","15,11","14,89","0,49K","-1,03%"
"25/09/2024","15,08","15,24","15,24","14,97","0,82K","-1,15%"
"24/09/2024","15,26","15,48","15,51","15,18","0,72K","-1,83%"
"23/09/2024","15,54","15,49","15,56","15,41","0,66K","-0,10%"
"20/09/2024","15,56","15,47","15,57","15,43","0,71K","0,23%"
"19/09/2024","15,52","15,44","15,52","15,40","0,95K","0,45%"
"18/09/2024","15,45","15,32","15,48","15,27","0,70K","0,65%"
"17/09/2024","15,35","15,25","15,36","15,11","0,70K","0,43%"
"16/09/2024","15,28","15,26","15,28","15,02","0,48K","0,07%"
"13/09/2024","15,27","15,27","15,27","15,27","0,45K","-1,89%"
"12/09/2024","15,57","15,56","15,57","15,56","0,04K","3,11%"
"09/09/2024","15,10","15,16","15,16","15,10","0,04K","-2,58%"
"06/09/2024","15,50","15,49","15,50","15,49","0,03K","0,26%"
"05/09/2024","15,46","15,38","15,48","15,38","0,02K","0,42%"
"04/09/2024","15,40","15,41","15,41","15,40","0,01K","1,45%"
"03/09/2024","15,18","15,18","15,18","15,18","","1,17%"
"30/08/2024","15,00","15,01","15,03","14,95","0,10K","-0,17%"
"29/08/2024","15,02","15,03","15,19","14,91","0,21K","-0,40%"
"28/08/2024","15,09","15,29","15,32","15,01","0,20K","-1,69%"
"27/08/2024","15,35","15,09","15,35","15,02","0,76K","1,39%"
"26/08/2024","15,14","14,99","15,14","14,98","0,78K","0,67%"
"23/08/2024","15,03","14,87","15,03","14,74","0,87K","0,87%"
"22/08/2024","14,90","14,77","14,93","14,71","0,53K","0,98%"
"21/08/2024","14,76","14,98","14,98","14,76","0,89K","-1,40%"
"20/08/2024","14,97","14,90","15,05","14,85","1,35K","0,77%"
"19/08/2024","14,85","14,58","14,91","14,53","1,05K","1,85%"
"16/08/2024","14,59","14,72","14,72","14,57","0,52K","-0,98%"
"15/08/2024","14,73","14,94","14,94","14,65","0,76K","-1,73%"
"14/08/2024","14,99","14,85","15,08","14,80","0,82K","1,28%"
"13/08/2024","14,80","14,52","14,98","14,48","1,03K","1,86%"
"12/08/2024","14,53","14,69","14,75","14,52","0,62K","-2,06%"
"09/08/2024","14,84","14,95","15,06","14,81","0,38K","-1,30%"
"08/08/2024","15,03","15,10","15,18","14,90","0,52K","-0,63%"
"07/08/2024","15,13","15,13","15,22","15,07","0,44K","-0,23%"
"06/08/2024","15,16","15,15","15,25","15,09","0,55K","-0,49%"
"05/08/2024","15,23","14,94","15,35","14,90","0,85K","2,01%"
"02/08/2024","14,94","15,06","15,06","14,94","0,32K","-1,09%"
"01/08/2024","15,10","15,22","15,38","14,81","1,07K","-0,82%"
"31/07/2024","15,23","15,13","15,31","15,05","0,67K","0,10%"
"30/07/2024","15,21","15,18","15,26","15,10","0,62K","-0,23%"
"29/07/2024","15,24","15,15","15,26","15,01","0,47K","0,13%"
"26/07/2024","15,23","14,91","15,24","14,91","0,76K","1,43%"
"25/07/2024","15,01","14,79","15,05","14,73","0,31K","1,73%"
"24/07/2024","14,76","14,66","15,06","14,65","0,81K","0,20%"
"23/07/2024","14,73","14,55","14,80","14,48","0,69K","1,03%"
"22/07/2024","14,57","14,27","14,67","14,27","1,00K","2,10%"
"19/07/2024","14,27","14,27","14,31","14,20","0,66K","0,00%"
"18/07/2024","14,27","14,46","14,48","14,27","0,48K","-1,11%"
"17/07/2024","14,44","14,43","14,56","14,41","0,64K","-0,14%"
"16/07/2024","14,45","14,66","14,77","14,40","0,58K","-1,63%"
"15/07/2024","14,69","14,64","14,90","14,56","0,64K","0,44%"
"12/07/2024","14,63","18,61","19,62","14,63","0,38K","-16,30%"
"10/07/2024","17,48","17,48","17,48","17,48","","2,76%"
"08/07/2024","17,01","17,00","17,01","17,00","0,01K","0,29%"
"02/07/2024","16,96","16,95","16,96","16,95","0,01K","-0,18%"
"01/07/2024","16,99","16,99","16,99","16,99","","-1,22%"
"28/06/2024","17,20","16,95","17,20","16,95","0,02K","2,63%"
"27/06/2024","16,76","18,25","18,31","16,70","0,19K","-5,84%"
"26/06/2024","17,80","18,43","18,89","17,64","0,35K","-3,94%"
"25/06/2024","18,53","18,52","18,62","18,42","0,31K","-0,27%"
"24/06/2024","18,58","18,20","18,66","18,20","0,19K","2,00%"
"21/06/2024","18,22","18,00","18,23","18,00","0,22K","1,19%"
"20/06/2024","18,00","18,10","18,16","17,97","0,30K","-0,94%"
"18/06/2024","18,17","17,68","18,20","17,64","0,20K","2,66%"
"17/06/2024","17,70","18,18","18,27","17,60","0,68K","-2,61%"
"14/06/2024","18,17","18,65","18,73","18,11","0,54K","-2,34%"
"13/06/2024","18,61","18,23","18,61","18,18","0,53K","2,39%"
"12/06/2024","18,17","17,56","18,39","17,56","0,35K","3,62%"
"11/06/2024","17,54","17,80","17,80","17,52","0,30K","-0,74%"
"10/06/2024","17,67","18,17","18,22","17,63","0,66K","-2,89%"
"07/06/2024","18,19","18,35","18,61","17,97","0,74K","-0,27%"
"06/06/2024","18,25","17,45","18,50","17,43","0,89K","4,53%"
"05/06/2024","17,45","17,59","17,73","17,41","0,72K","-0,65%"
"04/06/2024","17,57","17,58","17,80","17,51","0,77K","0,46%"
"03/06/2024","17,49","17,67","17,75","17,48","0,86K","-1,16%"
"31/05/2024","17,69","17,81","17,92","17,66","0,68K","-0,62%"
"30/05/2024","17,81","17,82","17,91","17,74","0,77K","-0,06%"
"29/05/2024","17,82","18,07","18,10","17,81","0,87K","-1,60%"
"28/05/2024","18,10","18,53","18,53","18,05","0,68K","-1,36%"
"24/05/2024","18,35","18,46","18,49","18,30","0,50K","-0,62%"
"23/05/2024","18,47","18,89","19,00","18,38","0,52K","-1,52%"
"22/05/2024","18,75","18,60","18,80","18,57","0,34K","0,91%"
"21/05/2024","18,58","18,83","18,83","18,57","0,33K","-1,33%"
"20/05/2024","18,83","18,77","18,86","18,70","0,22K","0,37%"
"17/05/2024","18,76","19,09","19,15","18,73","0,29K","-1,75%"
"16/05/2024","19,10","19,08","19,18","18,83","0,27K","0,16%"
"15/05/2024","19,07","18,90","19,16","18,73","0,27K","-0,94%"
"13/05/2024","19,25","19,25","19,25","19,25","","2,18%"
"10/05/2024","18,84","18,76","18,84","18,76","0,00K","2,36%"
"07/05/2024","18,41","18,41","18,41","18,41","","1,24%"
"06/05/2024","18,18","18,40","18,42","18,18","0,01K","-2,52%"
"03/05/2024","18,65","18,65","18,65","18,65","","1,91%"
"02/05/2024","18,30","18,44","18,44","18,30","0,01K","-4,51%"
"01/05/2024","19,17","19,08","19,17","19,08","0,02K","1,40%"
"30/04/2024","18,90","19,10","19,15","18,85","0,15K","-1,05%"
"29/04/2024","19,10","18,91","19,14","18,90","0,32K","1,22%"
"26/04/2024","18,87","19,03","19,16","18,77","0,27K","-1,20%"
"25/04/2024","19,10","19,17","19,21","18,91","0,16K","-0,57%"
"24/04/2024","19,21","18,95","19,22","18,95","0,30K","0,18%"
"23/04/2024","19,17","19,00","19,25","18,90","0,30K","0,92%"
"22/04/2024","19,00","19,03","19,20","18,50","0,49K","-0,05%"
"19/04/2024","19,01","19,01","19,36","18,81","0,84K","-0,13%"
"18/04/2024","19,03","18,80","19,07","18,76","0,92K","1,25%"
"17/04/2024","18,80","18,39","18,95","18,37","1,23K","1,98%"
"16/04/2024","18,43","18,42","18,92","18,20","1,66K","0,57%"
"15/04/2024","18,33","17,41","18,33","17,26","1,33K","6,17%"
"12/04/2024","17,26","16,85","17,38","16,69","0,56K","2,40%"
"11/04/2024","16,86","17,15","17,25","16,77","0,71K","-1,52%"
"10/04/2024","17,12","16,73","17,48","16,61","1,41K","3,10%"
"09/04/2024","16,60","16,07","16,65","16,07","0,95K","3,39%"
"08/04/2024","16,06","16,25","16,33","16,06","0,58K","-0,83%"
"05/04/2024","16,19","16,24","16,34","16,16","0,68K","-0,34%"
"04/04/2024","16,25","16,48","16,50","16,18","0,91K","-1,37%"
"03/04/2024","16,48","16,13","16,59","16,01","1,35K","2,49%"
"02/04/2024","16,08","16,37","16,37","16,06","1,06K","-1,29%"
"01/04/2024","16,28","16,39","16,47","16,26","0,67K","-0,64%"
"28/03/2024","16,39","16,67","16,67","16,34","0,99K","-1,15%"
"27/03/2024","16,58","16,79","16,80","16,57","1,09K","-1,43%"
"26/03/2024","16,82","17,17","17,17","16,79","0,80K","-1,92%"
"25/03/2024","17,15","17,34","17,40","16,85","1,30K","-1,21%"
"22/03/2024","17,36","17,58","17,58","17,34","0,94K","-0,83%"
"21/03/2024","17,50","17,66","17,68","17,50","1,17K","-1,07%"
"20/03/2024","17,69","17,73","17,73","17,68","0,38K","-0,23%"
"19/03/2024","17,74","17,82","17,84","17,70","0,39K","-0,31%"
"18/03/2024","17,79","17,83","17,83","17,74","0,54K","-0,20%"
"15/03/2024","17,83","17,86","17,89","17,81","0,44K","1,71%"
"07/03/2024","17,52","17,52","17,52","17,52","","-0,62%"
"06/03/2024","17,64","17,70","17,70","17,64","0,03K","-1,65%"
"05/03/2024","17,93","17,93","17,93","17,93","","-1,40%"
"04/03/2024","18,18","18,18","18,18","18,18","","1,42%"
"29/02/2024","17,93","17,90","17,93","17,90","0,06K","0,31%"
"28/02/2024","17,88","18,03","18,07","17,88","0,82K","-0,47%"
"27/02/2024","17,96","18,25","18,25","17,87","0,31K","-2,15%"
"26/02/2024","18,35","18,59","18,59","18,23","0,42K","-1,16%"
"23/02/2024","18,57","18,69","18,73","18,14","0,61K","0,27%"
"22/02/2024","18,52","18,28","18,61","17,92","1,20K","1,12%"
"21/02/2024","18,32","18,18","18,32","18,10","0,71K","0,94%"
"20/02/2024","18,15","18,41","18,41","18,08","1,31K","-0,96%"
"16/02/2024","18,32","18,56","18,66","18,25","1,38K","-1,19%"
"15/02/2024","18,54","18,62","18,88","18,50","1,42K","-0,62%"
"14/02/2024","18,66","18,31","18,74","18,31","1,30K","1,44%"
"13/02/2024","18,39","18,56","18,74","18,31","1,02K","-1,02%"
"12/02/2024","18,58","18,85","19,19","18,55","1,16K","-1,75%"
"09/02/2024","18,91","18,66","18,98","18,66","1,35K","1,50%"
"08/02/2024","18,63","18,44","18,69","18,44","0,73K","0,84%"
"07/02/2024","18,48","18,47","18,58","18,36","0,56K","-0,43%"
"06/02/2024","18,56","18,34","18,58","18,34","0,56K","1,03%"
"05/02/2024","18,36","18,41","18,45","18,26","0,57K","-0,22%"
"02/02/2024","18,41","18,08","18,48","18,08","0,80K","1,66%"
"01/02/2024","18,10","17,97","18,18","17,91","0,68K","1,37%"
"31/01/2024","17,86","18,15","18,27","17,85","1,00K","-1,87%"
"30/01/2024","18,20","18,13","18,30","18,00","0,81K","0,17%"
"29/01/2024","18,17","17,95","18,17","17,91","0,62K","1,17%"
"26/01/2024","17,96","17,95","18,01","17,87","0,65K","-0,11%"
"25/01/2024","17,98","17,79","18,06","17,72","1,12K","1,01%"
"24/01/2024","17,80","17,45","17,80","17,45","0,76K","2,15%"
"23/01/2024","17,42","17,56","17,56","17,42","0,50K","-0,80%"
"22/01/2024","17,57","17,68","17,69","17,51","0,36K","-0,43%"
"19/01/2024","17,64","17,63","17,72","17,56","0,35K","0,37%"
"18/01/2024","17,58","17,60","17,72","17,58","0,35K","-0,57%"
"17/01/2024","17,67","17,54","17,69","17,54","0,31K","0,63%"
"16/01/2024","17,57","17,67","17,74","17,50","0,47K","-0,79%"
"12/01/2024","17,70","17,17","17,70","17,17","0,31K","3,33%"
"11/01/2024","17,14","17,18","17,18","17,14","0,11K","-0,15%"
"10/01/2024","17,16","17,20","17,23","17,08","0,05K","0,41%"
"09/01/2024","17,09","17,10","17,10","17,09","0,01K","0,26%"
"08/01/2024","17,05","17,03","17,05","17,03","0,02K","0,71%"
"05/01/2024","16,92","16,98","16,98","16,91","0,10K","0,12%"
"04/01/2024","16,91","16,97","16,97","16,84","0,03K","-0,21%"
"03/01/2024","16,94","17,64","17,68","16,94","0,19K","-3,97%"
"02/01/2024","17,64","17,50","17,66","17,32","0,40K","2,08%"
"29/12/2023","17,28","17,17","17,39","17,17","0,15K","0,70%"
"28/12/2023","17,16","17,25","17,25","17,08","0,54K","-0,58%"
"27/12/2023","17,26","17,33","17,38","17,23","0,66K","-0,38%"
"26/12/2023","17,33","17,33","17,41","17,33","0,34K","-0,49%"
"22/12/2023","17,41","17,31","17,44","17,28","0,52K","0,40%"
"21/12/2023","17,34","17,30","17,42","17,30","1,10K","-0,14%"
"20/12/2023","17,36","17,27","17,38","17,24","1,49K","0,75%"
"19/12/2023","17,24","17,41","17,43","17,17","1,21K","-0,95%"
"18/12/2023","17,40","17,15","17,44","17,10","0,86K","1,46%"
"15/12/2023","17,15","17,15","17,24","17,01","1,57K","0,18%"
"14/12/2023","17,12","17,04","17,19","16,94","0,73K","1,15%"
"13/12/2023","16,92","16,86","17,08","16,83","1,00K","0,36%"
"12/12/2023","16,86","17,00","17,04","16,86","0,89K","-1,09%"
"11/12/2023","17,05","17,06","17,14","16,88","0,63K","0,00%"
"08/12/2023","17,05","17,18","17,30","17,01","0,40K","-0,23%"
"07/12/2023","17,08","16,95","17,34","16,83","0,57K","0,92%"
"06/12/2023","16,93","16,83","17,00","16,81","0,32K","0,59%"
"05/12/2023","16,83","16,91","17,04","16,80","0,55K","-0,44%"
"04/12/2023","16,91","17,15","17,18","16,89","0,97K","-2,09%"
"01/12/2023","17,26","17,35","17,38","17,17","0,57K","-0,63%"
"30/11/2023","17,38","17,40","17,58","17,30","0,66K","-0,37%"
"29/11/2023","17,44","17,37","17,44","17,29","0,41K","0,69%"
"28/11/2023","17,32","17,28","17,44","17,17","0,70K","0,41%"
"27/11/2023","17,25","17,51","17,64","17,22","0,73K","-2,40%"
"24/11/2023","17,67","17,21","17,67","17,17","0,62K","2,14%"
"22/11/2023","17,31","17,46","17,54","17,07","0,93K","-1,20%"
"21/11/2023","17,51","17,35","17,52","17,33","0,64K","0,75%"
"20/11/2023","17,39","17,27","17,40","17,27","0,64K","0,03%"
"17/11/2023","17,38","17,30","17,46","17,25","1,14K","0,64%"
"16/11/2023","17,27","16,85","17,42","16,85","1,43K","1,86%"
"15/11/2023","16,95","16,80","17,01","16,74","0,96K","1,34%"
"14/11/2023","16,73","16,89","16,89","16,73","0,04K","-0,54%"
"13/11/2023","16,82","16,84","16,84","16,81","0,02K","-0,47%"
"10/11/2023","16,90","16,90","16,90","16,90","","0,90%"
"08/11/2023","16,75","16,75","16,75","16,75","","3,46%"
"07/11/2023","16,19","16,19","16,19","16,19","","-0,37%"
"06/11/2023","16,25","16,18","16,25","16,18","0,03K","0,43%"
"03/11/2023","16,18","16,13","16,18","16,11","0,02K","0,12%"
"02/11/2023","16,16","16,36","16,36","16,13","0,06K","-0,43%"
"01/11/2023","16,23","16,33","16,33","16,22","0,04K","0,68%"
"31/10/2023","16,12","16,10","16,14","16,07","0,11K","0,28%"
"30/10/2023","16,08","16,20","16,21","15,99","0,55K","-0,89%"
"27/10/2023","16,22","16,24","16,26","16,16","0,41K","-0,43%"
"26/10/2023","16,29","16,11","16,29","16,08","0,65K","1,12%"
"25/10/2023","16,11","16,08","16,12","15,90","0,80K","0,06%"
"24/10/2023","16,10","16,09","16,18","16,03","1,23K","0,00%"
"23/10/2023","16,10","15,84","16,19","15,84","1,41K","1,39%"
"20/10/2023","15,88","15,77","15,90","15,77","0,50K","0,51%"
"19/10/2023","15,80","15,85","15,93","15,77","0,46K","-0,47%"
"18/10/2023","15,88","15,86","15,94","15,82","0,83K","0,09%"
"17/10/2023","15,86","15,80","15,99","15,80","0,43K","0,51%"
"16/10/2023","15,78","15,95","15,96","15,76","0,34K","-1,16%"
"13/10/2023","15,97","15,93","16,00","15,86","0,43K","0,22%"
"12/10/2023","15,93","15,91","16,05","15,90","0,47K","-0,09%"
"11/10/2023","15,94","15,90","15,96","15,78","0,68K","0,35%"
"10/10/2023","15,89","15,81","15,93","15,63","0,90K","0,38%"
"09/10/2023","15,83","16,02","16,07","15,65","0,80K","-1,25%"
"06/10/2023","16,03","15,65","16,09","15,65","0,54K","2,33%"
"05/10/2023","15,66","15,65","15,79","15,60","0,68K","0,00%"
"04/10/2023","15,66","15,77","15,80","15,64","0,60K","-0,54%"
"03/10/2023","15,75","15,89","15,89","15,73","0,62K","-1,04%"
"02/10/2023","15,91","15,89","16,05","15,89","0,49K","0,16%"
"29/09/2023","15,89","16,09","16,09","15,82","0,55K","-1,40%"
"28/09/2023","16,11","16,10","16,19","16,07","0,43K","-0,37%"
"27/09/2023","16,17","16,20","16,26","16,06","0,42K","-0,19%"
"26/09/2023","16,20","15,87","16,21","15,82","0,27K","2,05%"
"25/09/2023","15,88","15,82","15,97","15,82","0,30K","0,35%"
"22/09/2023","15,82","15,81","15,88","15,77","0,26K","0,13%"
"21/09/2023","15,81","15,96","16,00","15,80","0,34K","-0,91%"
"20/09/2023","15,95","15,96","16,15","15,90","0,16K","-0,34%"
"19/09/2023","16,00","15,98","16,05","15,83","0,44K","0,09%"
"18/09/2023","15,99","16,26","16,30","15,97","0,38K","-1,57%"
"15/09/2023","16,25","16,24","16,28","16,14","0,30K","-1,31%"
"14/09/2023","16,46","16,46","16,46","16,46","","3,20%"
"13/09/2023","15,95","15,93","15,95","15,91","0,01K","0,89%"
"12/09/2023","15,81","15,75","15,82","15,75","0,15K","-4,76%"
"07/09/2023","16,60","16,60","16,60","16,60","","-0,51%"
"05/09/2023","16,68","16,68","16,68","16,68","","0,42%"
"30/08/2023","16,61","16,45","16,83","16,40","0,11K","0,45%"
"29/08/2023","16,54","16,05","16,54","15,96","0,55K","3,05%"
"28/08/2023","16,05","15,70","16,10","15,70","0,85K","2,43%"
"25/08/2023","15,67","15,72","15,88","15,64","0,80K","-0,48%"
"24/08/2023","15,74","15,43","15,75","15,40","0,90K","2,14%"
"23/08/2023","15,41","15,48","15,51","15,40","0,87K","-0,39%"
"22/08/2023","15,48","15,60","15,60","15,47","0,54K","-0,26%"
"21/08/2023","15,52","15,56","15,65","15,50","0,78K","-0,10%"
"18/08/2023","15,53","15,54","15,60","15,52","0,85K","-0,06%"
"17/08/2023","15,54","15,62","15,65","15,52","0,78K","-0,06%"
"16/08/2023","15,55","15,59","15,68","15,53","0,87K","-0,06%"
"15/08/2023","15,56","15,63","15,70","15,54","0,37K","-0,38%"
"14/08/2023","15,62","15,95","15,97","15,61","0,64K","-2,22%"
"11/08/2023","15,98","16,03","16,20","15,90","0,41K","-0,56%"
"10/08/2023","16,07","16,05","16,16","16,00","0,54K","0,00%"
"09/08/2023","16,07","15,90","16,12","15,84","0,28K","1,10%"
"08/08/2023","15,90","15,83","15,98","15,76","0,29K","-0,22%"
"07/08/2023","15,93","15,90","16,05","15,70","0,39K","0,13%"
"04/08/2023","15,91","16,05","16,13","15,90","0,39K","-1,12%"
"03/08/2023","16,09","15,94","16,18","15,88","0,53K","0,81%"
"02/08/2023","15,96","15,87","15,96","15,64","0,27K","0,98%"
"01/08/2023","15,81","15,45","16,08","15,45","0,88K","2,00%"
"31/07/2023","15,49","15,56","15,56","15,36","0,69K","-0,74%"
"28/07/2023","15,61","15,74","15,74","15,57","0,25K","-0,83%"
"27/07/2023","15,74","15,65","15,98","15,65","0,34K","-0,44%"
"26/07/2023","15,81","15,86","15,96","15,53","0,47K","-0,72%"
"25/07/2023","15,93","16,10","16,31","15,68","1,31K","-1,39%"
"24/07/2023","16,15","15,90","16,21","15,90","0,83K","1,67%"
"21/07/2023","15,89","15,88","15,90","15,74","0,56K","0,22%"
"20/07/2023","15,85","15,52","15,98","15,52","1,23K","1,08%"
"19/07/2023","15,68","15,56","15,69","15,50","0,49K","0,64%"
"18/07/2023","15,58","15,34","15,62","15,33","0,41K","1,43%"
"17/07/2023","15,36","15,32","15,56","15,00","0,53K","-0,81%"
"14/07/2023","15,48","17,80","17,80","15,48","0,45K","-20,59%"
"12/07/2023","19,50","19,15","19,50","18,85","0,03K","0,00%"
"11/07/2023","19,50","18,95","19,50","18,95","0,08K","3,72%"
"10/07/2023","18,80","19,00","19,00","18,80","0,01K","0,27%"
"07/07/2023","18,75","18,50","18,75","18,43","0,02K","0,27%"
"06/07/2023","18,70","18,45","18,70","18,30","0,01K","1,08%"
"05/07/2023","18,50","18,25","18,50","18,25","0,03K","1,20%"
"03/07/2023","18,28","18,50","18,50","18,25","0,05K","-1,19%"
"30/06/2023","18,50","17,69","18,50","17,40","0,03K","2,27%"
"29/06/2023","18,09","17,39","18,09","17,38","0,07K","3,14%"
"28/06/2023","17,54","17,60","17,67","17,22","0,07K","-0,68%"
"27/06/2023","17,66","17,90","18,00","17,66","0,18K","-1,75%"
"26/06/2023","17,98","17,90","18,14","17,89","0,21K","1,61%"
"23/06/2023","17,69","17,65","17,77","17,53","0,31K","0,51%"
"22/06/2023","17,60","17,55","17,70","17,42","0,12K","1,03%"
"21/06/2023","17,42","17,25","17,55","17,20","0,23K","1,46%"
"20/06/2023","17,17","17,99","17,99","17,13","0,89K","-2,80%"
"16/06/2023","17,67","17,75","18,09","17,64","0,45K","-0,20%"
"15/06/2023","17,70","17,60","18,07","17,60","0,56K","-0,31%"
"14/06/2023","17,75","18,01","18,09","17,50","0,72K","-3,85%"
"13/06/2023","18,47","19,55","19,67","18,47","0,56K","-6,13%"
"12/06/2023","19,67","18,70","19,92","18,70","0,78K","3,85%"
"09/06/2023","18,94","18,78","19,42","18,57","0,75K","0,85%"
"08/06/2023","18,78","18,30","18,80","18,28","0,74K","2,65%"
"07/06/2023","18,30","18,17","18,33","17,93","0,54K","0,77%"
"06/06/2023","18,16","17,92","18,17","17,92","0,44K","1,31%"
"05/06/2023","17,92","17,69","18,08","17,63","0,62K","1,73%"
"02/06/2023","17,61","17,33","17,78","17,33","0,45K","0,51%"
"01/06/2023","17,52","17,17","17,65","17,16","0,39K","1,54%"
"31/05/2023","17,26","17,05","17,32","16,84","0,59K","1,35%"
"30/05/2023","17,03","17,07","17,42","16,93","0,45K","-0,26%"
"26/05/2023","17,08","16,75","17,21","16,60","0,45K","2,86%"
"25/05/2023","16,60","16,63","16,81","16,59","0,56K","-0,18%"
"24/05/2023","16,63","16,69","16,77","16,60","0,72K","-0,48%"
"23/05/2023","16,71","16,86","16,86","16,66","0,68K","-0,80%"
"22/05/2023","16,84","17,09","17,26","16,70","0,81K","-1,72%"
"19/05/2023","17,14","17,33","17,40","17,06","0,49K","-1,21%"
"18/05/2023","17,35","17,53","17,61","17,33","0,30K","-1,31%"
"17/05/2023","17,58","17,42","17,58","17,31","0,49K","1,18%"
"16/05/2023","17,38","17,85","17,92","17,36","0,60K","-2,69%"
"15/05/2023","17,85","18,42","18,58","17,80","0,79K","-3,38%"
"12/05/2023","18,48","18,48","18,48","18,48","","2,67%"
"10/05/2023","18,00","18,00","18,00","18,00","","-0,55%"
"08/05/2023","18,10","18,10","18,10","18,10","","0,28%"
"05/05/2023","18,05","18,00","18,05","18,00","0,02K","1,46%"
"04/05/2023","17,79","17,77","17,79","17,77","0,01K","0,06%"
"03/05/2023","17,78","17,76","17,78","17,76","0,01K","0,54%"
"02/05/2023","17,68","17,68","17,68","17,68","","1,26%"
"01/05/2023","17,47","17,47","17,47","17,47","","1,07%"
"28/04/2023","17,28","17,28","17,28","17,28","","2,73%"
"27/04/2023","16,82","16,85","16,99","16,76","0,15K","-0,62%"
"26/04/2023","16,92","16,97","17,04","16,86","0,16K","0,42%"
"25/04/2023","16,85","16,94","17,13","16,70","0,22K","-0,47%"
"24/04/2023","16,93","17,05","17,07","16,87","0,44K","0,33%"
"21/04/2023","16,88","16,88","17,08","16,86","0,38K","0,45%"
"20/04/2023","16,81","17,14","17,22","16,76","0,38K","-1,78%"
"19/04/2023","17,11","17,37","17,37","17,09","0,64K","-1,30%"
"18/04/2023","17,33","17,25","17,47","17,25","0,39K","-0,06%"
"17/04/2023","17,34","17,31","17,42","17,00","0,70K","0,26%"
"14/04/2023","17,30","17,61","17,75","17,26","0,83K","-1,56%"
"13/04/2023","17,58","17,51","17,86","17,39","1,02K","0,29%"
"12/04/2023","17,52","17,06","17,60","17,02","1,05K","3,45%"
"11/04/2023","16,94","16,42","17,16","16,31","0,70K","3,17%"
"10/04/2023","16,42","16,65","16,75","16,25","0,77K","-1,53%"
"06/04/2023","16,67","16,80","16,89","16,54","0,61K","-0,66%"
"05/04/2023","16,78","16,76","16,90","16,71","0,32K","0,09%"
"04/04/2023","16,77","17,15","17,15","16,69","0,66K","-1,76%"
"03/04/2023","17,07","17,42","17,55","17,01","0,50K","-2,15%"
"31/03/2023","17,44","17,72","17,78","17,39","0,49K","-0,82%"
"30/03/2023","17,59","17,70","17,74","17,57","0,25K","-0,79%"
"29/03/2023","17,73","17,72","17,89","17,60","0,34K","0,00%"
"28/03/2023","17,73","17,78","17,97","17,72","0,45K","-0,51%"
"27/03/2023","17,82","17,88","18,00","17,69","0,81K","-0,11%"
"24/03/2023","17,84","17,52","17,94","17,50","1,44K","1,54%"
"23/03/2023","17,57","17,19","17,57","17,15","0,55K","2,03%"
"22/03/2023","17,22","17,29","17,34","17,12","0,30K","-0,29%"
"21/03/2023","17,27","17,34","17,44","17,23","0,28K","-0,26%"
"20/03/2023","17,32","17,08","17,34","17,00","0,23K","0,84%"
"17/03/2023","17,17","17,29","17,34","17,13","0,25K","-0,69%"
"16/03/2023","17,29","17,36","17,47","17,21","0,46K","-0,06%"
"15/03/2023","17,30","17,21","17,49","17,18","0,97K","0,44%"
"02/03/2023","17,23","17,15","17,23","17,15","0,04K","0,15%"
"01/03/2023","17,20","16,84","17,21","16,84","0,08K","1,56%"
"28/02/2023","16,93","16,92","17,00","16,92","0,19K","-0,15%"
"27/02/2023","16,96","16,65","16,96","16,65","1,18K","0,83%"
"24/02/2023","16,82","16,78","16,86","16,71","0,44K","0,18%"
"23/02/2023","16,79","17,05","17,05","16,73","0,39K","-1,32%"
"22/02/2023","17,01","17,28","17,28","16,90","0,51K","-1,53%"
"21/02/2023","17,28","17,55","17,55","17,13","0,62K","-1,48%"
"17/02/2023","17,54","17,62","17,64","17,47","0,42K","-0,26%"
"16/02/2023","17,58","17,53","17,64","17,48","0,52K","0,06%"
"15/02/2023","17,58","17,66","17,67","17,47","0,92K","-0,79%"
"14/02/2023","17,72","17,86","17,90","17,64","0,66K","-0,95%"
"13/02/2023","17,89","18,09","18,16","17,84","0,51K","-1,49%"
"10/02/2023","18,16","18,05","18,18","18,00","0,42K","0,33%"
"09/02/2023","18,09","17,90","18,19","17,85","0,65K","1,34%"
"08/02/2023","17,85","17,48","18,00","17,45","0,73K","2,17%"
"07/02/2023","17,48","17,53","17,62","17,47","0,80K","-0,43%"
"06/02/2023","17,55","17,72","17,76","17,54","0,75K","-1,15%"
"03/02/2023","17,75","17,77","17,77","17,71","0,49K","-0,11%"
"02/02/2023","17,77","17,84","17,93","17,77","0,48K","-0,34%"
"01/02/2023","17,83","17,83","17,95","17,77","0,48K","0,08%"
"31/01/2023","17,82","18,06","18,14","17,82","0,59K","-1,36%"
"30/01/2023","18,07","18,25","18,33","18,00","0,36K","-1,09%"
"27/01/2023","18,26","18,25","18,34","18,25","0,35K","-0,22%"
"26/01/2023","18,31","18,16","18,36","18,16","0,41K","0,83%"
"25/01/2023","18,16","18,15","18,27","18,14","0,20K","-0,25%"
"24/01/2023","18,20","18,17","18,33","18,11","0,47K","-0,11%"
"23/01/2023","18,22","18,08","18,25","18,05","0,39K","0,75%"
"20/01/2023","18,08","17,92","18,14","17,90","0,37K","1,03%"
"19/01/2023","17,90","17,92","18,09","17,86","0,25K","-0,50%"
"18/01/2023","17,99","17,89","18,01","17,77","0,25K","0,14%"
"17/01/2023","17,97","18,06","18,06","17,76","0,39K","-0,77%"
"13/01/2023","18,10","18,10","18,10","18,10","","3,16%"
"09/01/2023","17,55","17,45","17,55","17,45","0,03K","1,74%"
"06/01/2023","17,25","17,30","17,30","17,25","0,01K","1,47%"
"05/01/2023","17,00","17,49","17,50","17,00","0,04K","-2,86%"
"04/01/2023","17,50","17,55","17,55","17,50","0,02K","-2,62%"
"03/01/2023","17,97","17,92","17,97","17,92","0,01K","-0,14%"
"01/01/2023","18,00","18,00","18,00","18,00","","0,00%"
"30/12/2022","18,00","17,96","18,01","17,96","0,02K","0,73%"
"29/12/2022","17,86","17,64","17,93","17,64","0,14K","0,28%"
"28/12/2022","17,82","17,75","17,92","17,57","0,37K","-0,34%"
"27/12/2022","17,88","18,00","18,14","17,88","0,33K","-0,61%"
"25/12/2022","17,99","17,99","17,99","17,99","","0,00%"
"23/12/2022","17,99","17,95","18,02","17,89","0,51K","0,17%"
"22/12/2022","17,95","17,80","17,97","17,77","0,49K","0,87%"
"21/12/2022","17,80","17,75","17,99","17,72","0,58K","0,20%"
"20/12/2022","17,76","17,14","17,85","17,03","0,72K","3,77%"
"19/12/2022","17,12","16,75","17,24","16,75","0,58K","2,27%"
"16/12/2022","16,74","16,66","16,74","16,65","0,68K","0,60%"
"15/12/2022","16,64","16,73","16,73","16,63","0,89K","-0,51%"
"14/12/2022","16,73","16,80","16,80","16,69","0,65K","-0,42%"
"13/12/2022","16,80","16,70","16,83","16,70","0,55K","0,54%"
"12/12/2022","16,70","16,78","16,87","16,66","0,80K","0,00%"
"09/12/2022","16,70","16,74","16,85","16,70","0,43K","-0,30%"
"08/12/2022","16,75","16,78","16,78","16,63","1,19K","0,21%"
"07/12/2022","16,72","16,82","16,88","16,65","1,24K","-0,62%"
"06/12/2022","16,82","17,14","17,17","16,70","1,64K","-1,18%"
"05/12/2022","17,02","17,68","17,74","17,02","1,41K","-3,43%"
"02/12/2022","17,63","17,79","17,79","17,63","0,31K","-0,90%"
"01/12/2022","17,78","17,78","17,90","17,75","0,36K","-0,03%"
"30/11/2022","17,79","17,96","17,96","17,78","0,37K","-0,45%"
"29/11/2022","17,87","17,89","17,98","17,84","0,28K","-0,31%"
"28/11/2022","17,92","18,01","18,13","17,60","0,90K","-1,19%"
"25/11/2022","18,14","18,01","18,20","18,01","0,79K","0,69%"
"23/11/2022","18,01","17,91","18,04","17,85","0,53K","0,56%"
"22/11/2022","17,92","17,77","17,94","17,76","0,31K","0,53%"
"21/11/2022","17,82","17,76","17,88","17,76","0,25K","0,20%"
"18/11/2022","17,78","17,77","17,97","17,67","0,40K","0,08%"
"17/11/2022","17,77","17,66","17,95","17,62","0,63K","0,20%"
"16/11/2022","17,74","17,80","17,81","17,51","0,42K","-0,45%"
"15/11/2022","17,82","17,94","17,94","17,76","0,45K","1,86%"
"08/11/2022","17,49","17,49","17,49","17,49","","1,95%"
"01/11/2022","17,16","16,52","17,16","16,52","0,27K","4,10%"
"31/10/2022","16,48","16,16","16,49","16,16","0,33K","2,26%"
"28/10/2022","16,11","16,01","16,13","15,97","0,55K","0,66%"
"27/10/2022","16,01","16,02","16,11","15,97","0,50K","-0,09%"
"26/10/2022","16,02","16,18","16,21","16,00","0,40K","-1,08%"
"25/10/2022","16,20","16,20","16,27","16,19","0,57K","-0,15%"
"24/10/2022","16,23","16,39","16,46","16,23","1,05K","-1,10%"
"21/10/2022","16,41","16,45","16,49","16,25","0,81K","-0,21%"
"20/10/2022","16,44","16,50","16,52","16,43","1,14K","-0,21%"
"19/10/2022","16,48","16,55","16,55","16,48","0,37K","-0,30%"
"18/10/2022","16,52","16,66","16,67","16,50","1,12K","-0,78%"
"17/10/2022","16,66","16,73","16,76","16,66","0,49K","-0,45%"
"14/10/2022","16,73","16,76","16,81","16,72","0,49K","-0,30%"
"13/10/2022","16,78","16,81","16,83","16,72","0,43K","0,12%"
"12/10/2022","16,76","16,73","16,88","16,69","0,86K","0,39%"
"11/10/2022","16,69","16,75","16,75","16,68","1,37K","-0,06%"
"10/10/2022","16,70","16,83","16,92","16,70","1,15K","-0,68%"
"07/10/2022","16,82","16,92","16,92","16,81","0,65K","-0,50%"
"06/10/2022","16,91","16,99","17,00","16,87","0,67K","-0,50%"
"05/10/2022","16,99","16,96","17,05","16,91","0,61K","0,09%"
"04/10/2022","16,98","16,92","17,02","16,91","0,72K","0,33%"
"03/10/2022","16,92","17,16","17,25","16,92","1,06K","-1,40%"
"30/09/2022","17,16","17,36","17,42","17,16","0,55K","-1,07%"
"29/09/2022","17,34","17,40","17,47","17,32","0,37K","-0,09%"
"28/09/2022","17,36","17,31","17,38","17,27","0,26K","0,26%"
"27/09/2022","17,32","17,35","17,55","17,26","0,31K","-0,06%"
"26/09/2022","17,33","17,38","17,39","17,19","0,55K","-0,23%"
"23/09/2022","17,36","17,40","17,42","17,36","0,41K","-0,20%"
"22/09/2022","17,40","17,60","17,62","17,33","0,39K","-0,83%"
"21/09/2022","17,55","17,71","17,78","17,54","0,26K","-1,35%"
"20/09/2022","17,78","17,64","17,80","17,63","0,19K","0,71%"
"19/09/2022","17,66","17,79","17,82","17,58","0,25K","-0,87%"
"16/09/2022","17,82","17,78","17,88","17,66","0,33K","0,00%"
"15/09/2022","17,82","17,72","17,94","17,67","0,39K","1,83%"
"13/09/2022","17,50","17,50","17,50","17,50","","0,26%"
"31/08/2022","17,45","17,50","17,59","17,44","0,05K","0,26%"
"30/08/2022","17,41","17,20","17,49","17,20","0,45K","0,75%"
"29/08/2022","17,28","17,24","17,31","16,85","0,62K","-0,26%"
"26/08/2022","17,33","17,13","17,33","17,13","0,39K","1,52%"
"25/08/2022","17,07","17,20","17,32","17,07","0,58K","-0,96%"
"24/08/2022","17,23","17,19","17,48","17,19","0,98K","-0,35%"
"23/08/2022","17,29","17,14","17,33","17,14","1,21K","0,38%"
"22/08/2022","17,23","16,99","17,23","16,99","0,73K","0,88%"
"19/08/2022","17,08","16,58","17,14","16,58","0,89K","3,11%"
"18/08/2022","16,56","16,65","16,69","16,50","1,65K","-0,63%"
"17/08/2022","16,67","16,70","16,88","16,66","0,84K","-1,39%"
"16/08/2022","16,90","17,03","17,10","16,89","0,28K","-1,05%"
"15/08/2022","17,08","17,18","17,18","16,95","0,30K","-0,64%"
"12/08/2022","17,19","17,06","17,19","16,96","0,28K","0,47%"
"11/08/2022","17,11","16,99","17,19","16,99","0,31K","0,41%"
"10/08/2022","17,04","16,98","17,06","16,85","0,30K","0,24%"
"09/08/2022","17,00","17,13","17,24","16,98","0,22K","-1,11%"
"08/08/2022","17,19","17,22","17,28","17,02","0,62K","-1,06%"
"05/08/2022","17,38","17,33","17,45","17,21","0,61K","0,26%"
"04/08/2022","17,33","17,01","17,35","17,00","0,70K","1,64%"
"03/08/2022","17,05","16,81","17,07","16,68","0,42K","1,79%"
"02/08/2022","16,75","16,66","16,83","16,65","0,47K","0,51%"
"01/08/2022","16,67","16,86","16,92","16,64","0,74K","-1,30%"
"29/07/2022","16,89","17,00","17,12","16,89","0,71K","-0,79%"
"28/07/2022","17,02","17,00","17,07","16,94","0,41K","-0,26%"
"27/07/2022","17,07","17,03","17,15","17,03","0,23K","0,09%"
"26/07/2022","17,05","16,91","17,15","16,89","0,37K","0,86%"
"25/07/2022","16,91","16,77","16,95","16,77","0,30K","0,65%"
"22/07/2022","16,80","16,95","17,01","16,80","0,22K","-1,32%"
"21/07/2022","17,02","16,81","17,02","16,81","0,30K","0,38%"
"20/07/2022","16,95","17,07","17,20","16,77","0,59K","-1,34%"
"19/07/2022","17,18","17,09","17,29","16,95","0,89K","0,61%"
"18/07/2022","17,08","16,61","17,30","16,56","1,11K","3,33%"
"15/07/2022","16,53","16,40","16,60","16,36","0,38K","1,91%"
"13/07/2022","16,22","16,22","16,22","16,22","","0,31%"
"12/07/2022","16,17","16,17","16,17","16,17","","-0,80%"
"11/07/2022","16,30","16,30","16,30","16,30","","1,94%"
"07/07/2022","15,99","15,99","15,99","15,99","","0,98%"
"06/07/2022","15,84","15,80","15,84","15,80","0,01K","-0,41%"
"05/07/2022","15,90","16,06","16,06","15,90","0,02K","-1,55%"
"01/07/2022","16,15","16,44","16,44","16,15","0,04K","-1,82%"
"30/06/2022","16,45","16,38","16,45","16,33","0,02K","0,06%"
"29/06/2022","16,44","16,25","16,56","16,25","0,27K","1,39%"
"28/06/2022","16,22","16,12","16,30","16,01","0,29K","1,03%"
"27/06/2022","16,05","16,25","16,25","16,05","0,48K","0,00%"
"24/06/2022","16,05","16,08","16,13","16,01","0,23K","-0,62%"
"23/06/2022","16,15","16,28","16,28","15,99","0,37K","-1,13%"
"22/06/2022","16,33","16,02","16,33","16,01","0,69K","1,05%"
"21/06/2022","16,17","16,27","16,29","16,11","0,31K","-0,74%"
"17/06/2022","16,28","16,35","16,37","16,08","0,73K","-0,40%"
"16/06/2022","16,35","16,41","16,58","16,32","0,73K","-0,82%"
"15/06/2022","16,49","16,53","16,56","16,41","0,51K","-0,30%"
"14/06/2022","16,53","16,40","16,61","16,30","0,66K","1,10%"
"13/06/2022","16,35","16,56","16,56","16,12","0,67K","0,80%"
"10/06/2022","16,23","16,56","16,58","16,23","1,30K","-2,02%"
"09/06/2022","16,56","16,94","16,94","16,56","0,76K","-2,01%"
"08/06/2022","16,90","16,86","17,04","16,77","0,44K","-0,38%"
"07/06/2022","16,97","17,20","17,22","16,90","0,52K","-1,31%"
"06/06/2022","17,19","16,87","17,24","16,76","0,51K","2,41%"
"03/06/2022","16,78","16,98","17,05","16,78","0,46K","-1,32%"
"02/06/2022","17,01","17,10","17,32","16,95","0,51K","-1,13%"
"01/06/2022","17,20","17,48","17,58","17,11","0,71K","-1,29%"
"31/05/2022","17,43","17,49","17,65","17,41","0,71K","-0,34%"
"27/05/2022","17,49","17,32","17,55","17,14","0,47K","1,16%"
"26/05/2022","17,29","17,04","17,39","17,04","0,31K","0,88%"
"25/05/2022","17,14","17,15","17,18","16,84","0,35K","-0,20%"
"24/05/2022","17,17","17,27","17,35","16,92","0,40K","-0,64%"
"23/05/2022","17,28","17,21","17,47","17,20","0,36K","0,20%"
"20/05/2022","17,25","16,91","17,25","16,88","0,31K","1,50%"
"19/05/2022","17,00","16,73","17,06","16,72","0,36K","1,10%"
"18/05/2022","16,81","17,12","17,12","16,73","0,90K","-0,53%"
"17/05/2022","16,90","17,66","18,04","16,89","0,91K","-5,38%"
"16/05/2022","17,86","17,42","18,13","17,37","1,13K","3,30%"
"13/05/2022","17,29","17,27","17,29","17,27","0,42K","4,16%"
"11/05/2022","16,60","16,63","16,63","16,60","0,03K","1,41%"
"10/05/2022","16,37","16,43","16,43","16,37","0,02K","-1,89%"
"09/05/2022","16,68","16,69","16,69","16,60","0,02K","-0,18%"
"06/05/2022","16,72","16,72","16,72","16,72","0,00K","0,48%"
"05/05/2022","16,64","16,73","16,73","16,64","0,01K","-0,75%"
"04/05/2022","16,76","16,68","16,76","16,68","0,01K","0,78%"
"03/05/2022","16,63","16,63","16,63","16,63","","-2,66%"
"02/05/2022","17,08","17,08","17,08","17,08","","-0,03%"
"29/04/2022","17,09","16,76","17,10","16,58","0,11K","1,82%"
"28/04/2022","16,78","16,55","16,92","16,55","0,32K","0,84%"
"27/04/2022","16,65","16,68","16,85","16,52","0,31K","-0,54%"
"26/04/2022","16,74","16,38","16,83","16,38","0,33K","2,54%"
"25/04/2022","16,32","16,10","16,56","16,02","0,45K","1,05%"
"22/04/2022","16,15","16,20","16,27","16,10","0,67K","-0,15%"
"21/04/2022","16,17","16,20","16,28","16,10","0,78K","0,56%"
"20/04/2022","16,08","16,07","16,23","16,01","0,80K","-0,25%"
"19/04/2022","16,13","16,67","16,97","15,69","1,49K","-2,51%"
"18/04/2022","16,54","16,20","16,70","16,20","0,86K","2,10%"
"14/04/2022","16,20","15,75","16,21","15,73","1,50K","2,76%"
"13/04/2022","15,77","15,76","15,78","15,64","0,70K","0,41%"
"12/04/2022","15,70","15,63","15,75","15,63","0,66K","0,42%"
"11/04/2022","15,64","15,78","15,78","15,63","0,51K","-0,73%"
"08/04/2022","15,75","15,76","15,89","15,70","0,63K","-0,60%"
"07/04/2022","15,85","15,93","15,93","15,73","0,29K","-0,13%"
"06/04/2022","15,86","16,07","16,08","15,85","0,25K","-1,15%"
"05/04/2022","16,05","15,94","16,07","15,90","0,19K","0,85%"
"04/04/2022","15,91","16,05","16,07","15,89","0,13K","-0,84%"
"01/04/2022","16,05","15,95","16,11","15,85","0,37K","0,19%"
"31/03/2022","16,02","15,91","16,17","15,85","0,39K","0,69%"
"30/03/2022","15,91","15,84","16,03","15,75","0,33K","0,82%"
"29/03/2022","15,78","15,92","15,92","15,61","0,67K","-0,47%"
"28/03/2022","15,85","16,19","16,24","15,85","0,34K","-2,31%"
"25/03/2022","16,23","15,98","16,44","15,81","0,49K","1,34%"
"24/03/2022","16,01","15,91","16,05","15,86","0,17K","0,19%"
"23/03/2022","15,98","16,01","16,08","15,90","0,13K","-0,34%"
"22/03/2022","16,04","15,93","16,04","15,83","0,18K","1,04%"
"21/03/2022","15,88","15,59","16,07","15,51","0,45K","1,76%"
"18/03/2022","15,60","15,69","15,71","15,51","0,38K","-0,70%"
"17/03/2022","15,71","15,81","15,84","15,66","0,41K","-1,10%"
"16/03/2022","15,89","16,25","16,28","15,84","0,45K","-2,25%"
"15/03/2022","16,25","16,14","16,26","15,89","0,24K","5,04%"
"14/03/2022","15,47","15,57","15,60","15,46","0,08K","0,06%"
"11/03/2022","15,46","15,65","15,65","15,46","0,05K","-0,67%"
"10/03/2022","15,56","15,56","15,56","15,56","","-0,61%"
"08/03/2022","15,66","15,68","15,72","15,50","0,07K","-1,94%"
"07/03/2022","15,97","15,89","16,00","15,89","0,07K","-3,18%"
"04/03/2022","16,50","16,50","16,50","16,50","","2,26%"
"02/03/2022","16,13","15,91","16,13","15,91","0,11K","1,38%"
"01/03/2022","15,91","15,40","15,91","15,40","0,20K","3,31%"
"28/02/2022","15,40","15,15","15,40","15,15","0,20K","1,82%"
"25/02/2022","15,13","15,10","15,13","15,02","0,41K","-0,36%"
"24/02/2022","15,18","15,11","15,49","14,92","0,62K","0,60%"
"23/02/2022","15,09","15,12","15,30","15,01","0,33K","0,03%"
"22/02/2022","15,09","14,90","15,15","14,88","0,75K","1,38%"
"18/02/2022","14,88","14,89","14,91","14,79","0,69K","-0,07%"
"17/02/2022","14,89","14,88","15,00","14,80","0,76K","0,40%"
"16/02/2022","14,83","14,80","14,94","14,74","1,34K","0,17%"
"15/02/2022","14,81","14,99","14,99","14,80","1,02K","-1,56%"
"14/02/2022","15,04","15,19","15,23","14,85","0,70K","-1,12%"
"11/02/2022","15,21","14,76","15,23","14,65","1,13K","2,87%"
"10/02/2022","14,78","15,04","15,09","14,78","0,97K","-1,96%"
"09/02/2022","15,08","15,22","15,27","15,05","0,64K","-1,18%"
"08/02/2022","15,26","15,44","15,50","15,26","0,48K","-1,42%"
"07/02/2022","15,48","15,27","15,52","15,24","0,61K","1,64%"
"04/02/2022","15,23","15,49","15,49","15,17","0,56K","-1,42%"
"03/02/2022","15,45","15,43","15,52","15,26","0,39K","0,06%"
"02/02/2022","15,44","15,16","15,58","15,14","0,89K","1,71%"
"01/02/2022","15,18","15,06","15,19","14,96","0,50K","0,83%"
"31/01/2022","15,06","14,91","15,10","14,82","0,37K","1,01%"
"28/01/2022","14,90","14,96","14,98","14,61","0,73K","-0,67%"
"27/01/2022","15,01","15,02","15,21","14,92","0,41K","-0,50%"
"26/01/2022","15,08","14,90","15,10","14,90","0,30K","0,43%"
"25/01/2022","15,02","15,05","15,18","14,71","0,80K","-0,03%"
"24/01/2022","15,02","14,85","15,02","14,85","0,41K","0,84%"
"21/01/2022","14,90","14,75","15,10","14,63","1,06K","1,05%"
"20/01/2022","14,74","14,65","14,82","14,60","0,37K","0,55%"
"19/01/2022","14,66","14,51","14,66","14,44","0,23K","1,35%"
"18/01/2022","14,47","14,66","14,69","14,35","0,38K","-1,30%"
"14/01/2022","14,65","14,65","14,65","14,65","","0,83%"
"06/01/2022","14,53","14,53","14,53","14,53","","-0,72%"
"31/12/2021","14,64","14,64","14,64","14,64","","0,69%"
"30/12/2021","14,54","14,58","14,63","14,47","0,34K","-0,10%"
"29/12/2021","14,56","14,45","14,62","14,45","0,25K","0,73%"
"28/12/2021","14,45","14,35","14,52","14,31","0,42K","0,84%"
"27/12/2021","14,33","14,01","14,34","13,99","0,47K","2,28%"
"23/12/2021","14,01","13,95","14,13","13,95","0,51K","0,68%"
"22/12/2021","13,91","13,67","13,93","13,67","0,53K","1,83%"
"21/12/2021","13,66","13,65","13,70","13,59","0,51K","0,11%"
"20/12/2021","13,65","13,70","13,77","13,65","0,50K","-0,76%"
"17/12/2021","13,76","13,80","13,80","13,70","0,60K","-0,04%"
"16/12/2021","13,76","13,61","13,80","13,61","1,32K","0,88%"
"15/12/2021","13,64","13,71","13,78","13,60","0,77K","-0,51%"
"14/12/2021","13,71","13,77","13,85","13,71","0,69K","-0,65%"
"13/12/2021","13,80","13,90","13,90","13,70","0,81K","-0,29%"
"10/12/2021","13,84","13,80","14,00","13,80","0,69K","0,33%"
"09/12/2021","13,80","13,81","13,88","13,76","0,65K","-0,07%"
"08/12/2021","13,81","13,90","13,91","13,81","0,76K","-0,83%"
"07/12/2021","13,92","14,02","14,07","13,89","0,56K","-0,93%"
"06/12/2021","14,05","14,09","14,10","14,00","0,48K","0,04%"
"03/12/2021","14,05","14,02","14,10","14,01","0,25K","0,18%"
"02/12/2021","14,02","13,94","14,10","13,86","0,62K","0,50%"
"01/12/2021","13,95","14,01","14,06","13,94","0,82K","-0,64%"
"30/11/2021","14,04","14,33","14,34","14,00","0,85K","-1,75%"
"29/11/2021","14,29","14,40","14,42","14,23","0,57K","0,00%"
"26/11/2021","14,29","14,45","14,45","14,09","0,83K","-1,18%"
"24/11/2021","14,46","14,38","14,47","14,32","0,38K","0,35%"
"23/11/2021","14,41","14,44","14,53","14,34","0,40K","-0,89%"
"22/11/2021","14,54","14,56","14,70","14,44","0,52K","-0,14%"
"19/11/2021","14,56","14,59","14,60","14,51","0,73K","-0,21%"
"18/11/2021","14,59","14,37","14,63","14,37","1,43K","1,53%"
"17/11/2021","14,37","14,16","14,42","14,16","1,45K","1,27%"
"16/11/2021","14,19","14,13","14,21","14,11","0,77K","0,28%"
"15/11/2021","14,15","14,09","14,15","14,00","0,83K","1,80%"
"12/11/2021","13,90","13,90","13,90","13,90","","0,43%"
"11/11/2021","13,84","13,75","13,75","13,75","0,02K","1,47%"
"10/11/2021","13,64","13,65","13,65","13,65","0,01K","0,74%"
"09/11/2021","13,54","13,43","13,52","13,40","0,04K","1,50%"
"08/11/2021","13,34","13,34","13,34","13,34","0,00K","0,38%"
"05/11/2021","13,29","13,29","13,29","13,29","0,00K","0,76%"
"04/11/2021","13,19","13,09","13,09","13,09","0,00K","1,31%"
"03/11/2021","13,02","13,02","13,02","13,02","","0,00%"
"02/11/2021","13,02","13,18","13,18","12,97","0,06K","-1,44%"
"01/11/2021","13,21","13,46","13,46","13,19","0,07K","-0,53%"
"29/10/2021","13,28","13,27","13,30","13,25","0,18K","0,00%"
"28/10/2021","13,28","13,30","13,35","13,28","0,48K","-0,08%"
"27/10/2021","13,29","13,30","13,38","13,29","0,79K","0,08%"
"26/10/2021","13,28","13,40","13,41","13,28","0,61K","-0,90%"
"25/10/2021","13,40","13,60","13,60","13,40","0,68K","-0,81%"
"22/10/2021","13,51","13,56","13,60","13,47","0,58K","-0,44%"
"21/10/2021","13,57","13,61","13,62","13,39","0,77K","-0,29%"
"20/10/2021","13,61","13,71","13,72","13,61","0,92K","-0,80%"
"19/10/2021","13,72","13,85","13,88","13,71","0,61K","-0,94%"
"18/10/2021","13,85","13,85","13,88","13,71","0,61K","-0,07%"
"15/10/2021","13,86","13,94","13,95","13,80","0,67K","-0,07%"
"14/10/2021","13,87","13,79","13,95","13,79","0,86K","0,51%"
"13/10/2021","13,80","13,71","13,82","13,68","0,87K","0,66%"
"12/10/2021","13,71","13,73","13,78","13,68","0,53K","-0,51%"
"11/10/2021","13,78","13,77","13,84","13,72","0,54K","0,36%"
"08/10/2021","13,73","13,84","13,84","13,72","0,64K","-0,79%"
"07/10/2021","13,84","13,65","13,86","13,62","0,59K","1,69%"
"06/10/2021","13,61","13,58","13,65","13,52","0,41K","0,59%"
"05/10/2021","13,53","13,54","13,55","13,52","0,44K","-0,07%"
"04/10/2021","13,54","13,62","13,67","13,53","0,70K","-0,59%"
"01/10/2021","13,62","13,69","13,77","13,55","0,55K","-0,66%"
"30/09/2021","13,71","13,77","13,80","13,61","0,50K","-0,65%"
"29/09/2021","13,80","13,84","13,91","13,78","0,43K","-0,93%"
"28/09/2021","13,93","13,94","14,00","13,76","0,54K","-0,43%"
"27/09/2021","13,99","13,86","14,00","13,85","0,63K","0,65%"
"24/09/2021","13,90","13,79","13,95","13,69","0,46K","0,51%"
"23/09/2021","13,83","13,89","13,92","13,73","0,46K","-0,36%"
"22/09/2021","13,88","13,85","13,90","13,65","0,52K","0,22%"
"21/09/2021","13,85","13,64","13,88","13,64","0,46K","0,95%"
"20/09/2021","13,72","13,78","13,80","13,52","0,46K","-0,44%"
"17/09/2021","13,78","13,70","13,79","13,70","0,39K","0,66%"
"16/09/2021","13,69","13,79","13,80","13,63","0,62K","-0,73%"
"15/09/2021","13,79","13,62","13,80","13,55","0,73K","2,60%"
"14/09/2021","13,44","13,44","13,44","13,44","0,01K","0,90%"
"13/09/2021","13,32","13,32","13,32","13,32","0,03K","0,45%"
"10/09/2021","13,26","13,25","13,25","13,25","0,02K","1,30%"
"09/09/2021","13,09","13,09","13,14","13,09","0,09K","-0,08%"
"08/09/2021","13,10","13,07","13,07","13,03","0,04K","0,00%"
"07/09/2021","13,10","13,12","13,12","13,10","0,01K","0,23%"
"03/09/2021","13,07","13,06","13,06","13,04","0,12K","0,15%"
"02/09/2021","13,05","13,05","13,05","13,03","0,02K","0,62%"
"01/09/2021","12,97","13,04","13,04","12,95","0,03K","-1,22%"
"31/08/2021","13,13","13,16","13,16","13,01","0,05K","-0,23%"
"30/08/2021","13,16","13,21","13,30","13,05","0,80K","-0,53%"
"27/08/2021","13,23","13,29","13,39","13,20","0,31K","-0,60%"
"26/08/2021","13,31","13,31","13,35","13,22","0,25K","-0,37%"
"25/08/2021","13,36","13,35","13,40","13,20","0,29K","-0,15%"
"24/08/2021","13,38","13,41","13,45","13,34","0,54K","-0,07%"
"23/08/2021","13,39","13,26","13,42","13,20","0,47K","0,90%"
"20/08/2021","13,27","13,20","13,29","13,20","0,54K","0,53%"
"19/08/2021","13,20","13,26","13,29","13,18","0,63K","-0,68%"
"18/08/2021","13,29","13,50","13,58","13,28","1,20K","-1,19%"
"17/08/2021","13,45","13,54","13,55","13,45","0,85K","-0,74%"
"16/08/2021","13,55","13,55","13,61","13,47","0,78K","0,15%"
"13/08/2021","13,53","13,54","13,63","13,52","0,53K","0,00%"
"12/08/2021","13,53","13,40","13,58","13,35","0,37K","0,74%"
"11/08/2021","13,43","13,40","13,55","13,40","0,45K","-0,37%"
"10/08/2021","13,48","13,40","13,51","13,36","0,51K","0,67%"
"09/08/2021","13,39","13,36","13,41","13,31","0,33K","0,53%"
"06/08/2021","13,32","13,33","13,38","13,21","0,42K","0,23%"
"05/08/2021","13,29","13,17","13,37","13,16","0,60K","0,68%"
"04/08/2021","13,20","13,36","13,40","13,15","0,58K","-1,49%"
"03/08/2021","13,40","13,50","13,50","13,30","0,35K","-0,67%"
"02/08/2021","13,49","13,66","13,69","13,47","0,38K","-1,39%"
"30/07/2021","13,68","13,65","13,69","13,48","0,49K","0,00%"
"29/07/2021","13,68","13,68","13,85","13,66","0,87K","0,15%"
"28/07/2021","13,66","13,48","13,69","13,48","0,41K","1,34%"
"27/07/2021","13,48","13,55","13,60","13,46","0,28K","-0,44%"
"26/07/2021","13,54","13,49","13,60","13,46","0,57K","-0,59%"
"23/07/2021","13,62","13,54","13,62","13,48","0,40K","0,59%"
"22/07/2021","13,54","13,29","13,58","13,29","0,67K","1,73%"
"21/07/2021","13,31","13,16","13,34","13,15","0,19K","0,91%"
"20/07/2021","13,19","13,05","13,19","13,02","0,47K","1,15%"
"19/07/2021","13,04","13,26","13,27","13,03","0,23K","-1,44%"
"16/07/2021","13,23","13,25","13,35","13,21","0,37K","0,15%"
"15/07/2021","13,21","13,14","13,23","13,06","0,21K","2,96%"
"14/07/2021","12,83","12,83","12,83","12,83","0,01K","0,00%"
"13/07/2021","12,83","12,83","12,83","12,83","0,01K","1,34%"
"12/07/2021","12,66","12,66","12,66","12,66","0,01K","0,48%"
"09/07/2021","12,60","12,51","12,51","12,51","0,03K","0,96%"
"08/07/2021","12,48","12,48","12,48","12,48","0,02K","-1,03%"
"07/07/2021","12,61","12,61","12,61","12,61","0,00K","0,72%"
"06/07/2021","12,52","12,52","12,54","12,52","0,01K","-2,49%"
"02/07/2021","12,84","12,84","12,84","12,84","0,01K","-2,36%"
"01/07/2021","13,15","13,15","13,15","13,15","0,11K","-0,23%"
"30/06/2021","13,18","13,44","13,49","13,44","0,04K","-0,53%"
"29/06/2021","13,25","13,05","13,25","13,05","0,23K","0,76%"
"28/06/2021","13,15","13,12","13,25","13,11","0,34K","0,00%"
"25/06/2021","13,15","13,14","13,21","13,05","0,26K","-0,60%"
"24/06/2021","13,23","13,24","13,34","13,16","0,32K","-0,90%"
"23/06/2021","13,35","12,99","13,67","12,99","0,66K","1,52%"
"22/06/2021","13,15","12,67","13,17","12,67","0,74K","3,38%"
"21/06/2021","12,72","12,55","12,76","12,42","0,47K","0,87%"
"18/06/2021","12,61","12,21","12,63","12,21","0,50K","3,11%"
"17/06/2021","12,23","12,44","12,58","12,21","0,50K","-1,05%"
"16/06/2021","12,36","12,31","12,69","12,31","0,54K","0,41%"
"15/06/2021","12,31","12,44","12,62","12,29","0,87K","-1,60%"
"14/06/2021","12,51","12,90","12,90","12,44","0,87K","-2,65%"
"11/06/2021","12,85","12,94","13,04","12,84","0,52K","-0,62%"
"10/06/2021","12,93","13,06","13,06","12,80","1,40K","-1,22%"
"09/06/2021","13,09","13,14","13,22","13,04","0,59K","-0,38%"
"08/06/2021","13,14","13,23","13,24","13,12","0,54K","-0,98%"
"07/06/2021","13,27","13,32","13,33","13,23","0,76K","-0,30%"
"04/06/2021","13,31","13,27","13,32","13,27","0,21K","0,15%"
"03/06/2021","13,29","13,29","13,32","13,26","0,28K","-0,15%"
"02/06/2021","13,31","13,27","13,31","13,25","0,29K","0,15%"
"01/06/2021","13,29","13,34","13,44","13,20","0,44K","-0,08%"
"28/05/2021","13,30","13,23","13,37","13,20","0,38K","0,53%"
"27/05/2021","13,23","13,20","13,33","13,19","0,29K","0,30%"
"26/05/2021","13,19","13,24","13,24","13,16","0,15K","-0,08%"
"25/05/2021","13,20","13,14","13,26","13,13","0,34K","0,38%"
"24/05/2021","13,15","13,19","13,22","13,11","0,60K","-0,30%"
"21/05/2021","13,19","13,27","13,28","13,17","0,50K","-0,68%"
"20/05/2021","13,28","13,34","13,54","13,27","0,30K","-0,67%"
"19/05/2021","13,37","13,34","13,47","13,26","0,74K","0,15%"
"18/05/2021","13,35","13,46","13,49","13,34","0,71K","-0,82%"
"17/05/2021","13,46","13,60","13,64","13,45","0,35K","0,98%"
"14/05/2021","13,33","13,33","13,33","13,33","0,04K","-0,22%"
"13/05/2021","13,36","13,36","13,36","13,36","0,05K","-2,62%"
"12/05/2021","13,72","13,72","13,72","13,72","0,04K","-0,15%"
"11/05/2021","13,74","13,84","13,84","13,84","0,02K","-1,01%"
"10/05/2021","13,88","14,19","14,19","13,81","0,11K","-2,18%"
"07/05/2021","14,19","14,05","14,11","14,05","0,04K","2,09%"
"06/05/2021","13,90","14,19","14,19","14,08","0,11K","-1,56%"
"05/05/2021","14,12","13,90","13,90","13,85","0,01K","2,02%"
"04/05/2021","13,84","13,46","13,62","13,46","0,01K","3,05%"
"03/05/2021","13,43","13,40","13,42","13,40","0,05K","0,37%"
"30/04/2021","13,38","13,38","13,40","13,38","0,02K","0,07%"
"29/04/2021","13,37","13,19","13,38","13,13","0,07K","1,60%"
"28/04/2021","13,16","13,14","13,19","13,10","0,52K","0,23%"
"27/04/2021","13,13","13,20","13,20","13,07","0,45K","-0,68%"
"26/04/2021","13,22","13,40","13,54","13,21","0,79K","-1,56%"
"23/04/2021","13,43","13,40","13,50","13,31","1,09K","0,52%"
"22/04/2021","13,36","12,88","13,40","12,86","1,40K","3,81%"
"21/04/2021","12,87","12,84","12,88","12,79","0,95K","0,23%"
"20/04/2021","12,84","12,85","12,86","12,82","0,77K","-0,08%"
"19/04/2021","12,85","12,89","12,96","12,82","0,82K","-0,23%"
"16/04/2021","12,88","13,07","13,07","12,88","0,98K","-1,30%"
"15/04/2021","13,05","13,15","13,17","13,03","1,03K","-0,84%"
"14/04/2021","13,16","13,10","13,17","13,07","0,53K","0,23%"
"13/04/2021","13,13","13,11","13,15","13,09","0,26K","0,23%"
"12/04/2021","13,10","13,10","13,20","13,08","0,27K","0,08%"
"09/04/2021","13,09","13,08","13,14","13,04","0,42K","-0,15%"
"08/04/2021","13,11","13,14","13,15","13,10","0,26K","-0,46%"
"07/04/2021","13,17","13,13","13,17","13,10","0,23K","0,30%"
"06/04/2021","13,13","13,16","13,16","13,11","0,47K","-0,23%"
"05/04/2021","13,16","13,11","13,20","13,10","0,46K","0,30%"
"01/04/2021","13,12","13,16","13,24","13,10","0,31K","-0,46%"
"31/03/2021","13,18","13,20","13,27","13,16","0,32K","-0,30%"
"30/03/2021","13,22","13,27","13,30","13,17","0,23K","-0,38%"
"29/03/2021","13,27","13,09","13,30","13,07","0,19K","1,38%"
"26/03/2021","13,09","13,12","13,19","13,08","0,17K","-0,46%"
"25/03/2021","13,15","13,31","13,38","13,14","0,32K","-1,79%"
"24/03/2021","13,39","13,19","13,45","13,19","0,41K","1,36%"
"23/03/2021","13,21","13,23","13,26","13,12","0,15K","0,00%"
"22/03/2021","13,21","13,16","13,23","13,13","0,19K","0,53%"
"19/03/2021","13,14","13,03","13,15","13,02","0,20K","0,84%"
"18/03/2021","13,03","13,18","13,20","12,99","0,34K","-1,36%"
"17/03/2021","13,21","13,04","13,21","13,00","0,24K","1,54%"
"16/03/2021","13,01","12,94","13,08","12,93","0,22K","0,54%"
"15/03/2021","12,94","12,99","13,01","12,93","0,33K","1,25%"
"12/03/2021","12,78","12,78","12,78","12,78","0,02K","0,08%"
"11/03/2021","12,77","12,77","12,77","12,77","0,02K","0,08%"
"10/03/2021","12,76","12,76","12,76","12,76","0,02K","-1,16%"
"09/03/2021","12,91","12,91","12,91","12,91","0,01K","-0,46%"
"08/03/2021","12,97","12,97","12,97","12,97","0,00K","0,15%"
"05/03/2021","12,95","12,95","12,95","12,95","0,00K","-0,92%"
"04/03/2021","13,07","13,19","13,21","13,12","0,03K","-0,68%"
"03/03/2021","13,16","12,99","13,18","12,99","0,05K","0,84%"
"02/03/2021","13,05","12,79","13,01","12,76","0,04K","2,03%"
"01/03/2021","12,79","12,79","12,80","12,79","0,01K","0,31%"
"26/02/2021","12,75","12,81","12,82","12,70","0,05K","-0,39%"
"25/02/2021","12,80","12,82","12,91","12,75","0,14K","-0,54%"
"24/02/2021","12,87","12,84","12,94","12,83","0,27K","0,23%"
"23/02/2021","12,84","12,85","12,90","12,82","0,63K","-0,39%"
"22/02/2021","12,89","12,88","12,91","12,80","1,36K","0,16%"
"19/02/2021","12,87","12,76","12,96","12,69","1,50K","1,10%"
"18/02/2021","12,73","12,69","12,76","12,65","0,96K","-0,08%"
"17/02/2021","12,74","12,71","12,76","12,61","0,67K","0,24%"
"16/02/2021","12,71","12,81","12,85","12,62","1,08K","-0,78%"
"12/02/2021","12,81","12,89","12,91","12,80","0,77K","-0,62%"
"11/02/2021","12,89","12,88","12,91","12,81","0,83K","0,08%"
"10/02/2021","12,88","12,91","12,97","12,85","0,68K","-0,23%"
"09/02/2021","12,91","13,04","13,04","12,84","0,84K","-0,46%"
"08/02/2021","12,97","13,00","13,10","12,96","0,43K","-0,23%"
"05/02/2021","13,00","13,02","13,03","12,82","0,59K","-0,23%"
"04/02/2021","13,03","13,09","13,09","12,96","0,47K","-0,46%"
"03/02/2021","13,09","13,35","13,41","12,77","1,30K","-2,02%"
"02/02/2021","13,36","13,35","13,38","13,31","0,26K","0,15%"
"01/02/2021","13,34","13,46","13,48","13,33","0,57K","-0,89%"
"29/01/2021","13,46","13,41","13,49","13,38","0,39K","0,52%"
"28/01/2021","13,39","13,46","13,50","13,35","0,41K","-0,52%"
"27/01/2021","13,46","13,29","13,48","13,28","0,51K","1,20%"
"26/01/2021","13,30","13,12","13,32","13,12","0,24K","0,53%"
"25/01/2021","13,23","13,27","13,27","13,05","0,32K","-0,38%"
"22/01/2021","13,28","13,21","13,30","13,18","0,77K","0,30%"
"21/01/2021","13,24","13,20","13,25","13,16","0,18K","0,23%"
"20/01/2021","13,21","13,19","13,28","13,09","0,35K","0,08%"
"19/01/2021","13,20","13,09","13,27","13,08","0,35K","0,61%"
"15/01/2021","13,12","13,14","13,36","13,07","0,66K","1,78%"
"14/01/2021","12,89","12,94","12,95","12,89","0,08K","0,08%"
"13/01/2021","12,88","12,88","12,88","12,88","0,03K","2,14%"
"12/01/2021","12,61","12,61","12,61","12,61","0,00K","2,19%"
"11/01/2021","12,34","12,46","12,47","12,46","0,02K","-0,56%"
"08/01/2021","12,41","12,41","12,41","12,41","0,02K","-0,32%"
"07/01/2021","12,45","12,45","12,45","12,45","0,00K","0,24%"
"06/01/2021","12,42","12,42","12,42","12,42","0,20K","0,49%"
"05/01/2021","12,36","12,36","12,36","12,36","0,01K","-0,72%"
"04/01/2021","12,45","12,65","12,65","12,65","0,02K","0,40%"
"31/12/2020","12,40","12,24","12,24","12,24","0,12K","1,56%"
"30/12/2020","12,21","12,22","12,39","12,15","0,07K","0,00%"
"29/12/2020","12,21","12,00","12,24","12,00","0,15K","1,83%"
"28/12/2020","11,99","12,32","12,32","11,99","1,40K","-2,36%"
"24/12/2020","12,28","12,38","12,38","12,26","0,53K","-0,89%"
"23/12/2020","12,39","12,39","12,45","12,34","0,60K","0,16%"
"22/12/2020","12,37","12,36","12,44","12,32","0,43K","0,08%"
"21/12/2020","12,36","12,60","12,60","12,36","0,65K","-1,75%"
"18/12/2020","12,58","12,58","12,64","12,53","0,75K","-0,08%"
"17/12/2020","12,59","12,31","12,62","12,31","1,47K","2,03%"
"16/12/2020","12,34","12,31","12,37","12,30","1,29K","0,08%"
"15/12/2020","12,33","12,37","12,37","12,27","1,13K","-0,64%"
"14/12/2020","12,41","12,45","12,50","12,37","1,04K","-0,48%"
"11/12/2020","12,47","12,40","12,48","12,40","0,46K","0,56%"
"10/12/2020","12,40","12,38","12,52","12,34","0,61K","0,24%"
"09/12/2020","12,37","12,31","12,38","12,30","0,34K","0,32%"
"08/12/2020","12,33","12,32","12,37","12,25","0,79K","0,16%"
"07/12/2020","12,31","12,22","12,35","12,21","0,72K","0,74%"
"04/12/2020","12,22","12,31","12,31","12,22","0,63K","-0,81%"
"03/12/2020","12,32","12,41","12,41","12,30","0,48K","-1,04%"
"02/12/2020","12,45","12,46","12,53","12,41","0,30K","-0,64%"
"01/12/2020","12,53","12,53","12,61","12,47","0,75K","-0,16%"
"30/11/2020","12,55","12,68","12,70","12,41","0,72K","-1,03%"
"27/11/2020","12,68","12,47","12,69","12,44","0,33K","1,85%"
"25/11/2020","12,45","12,40","12,56","12,40","0,21K","0,48%"
"24/11/2020","12,39","12,43","12,46","12,36","0,19K","-0,40%"
"23/11/2020","12,44","12,46","12,46","12,15","0,36K","-0,16%"
"20/11/2020","12,46","12,41","12,47","12,39","0,21K","0,16%"
"19/11/2020","12,44","12,45","12,45","12,39","0,16K","-0,08%"
"18/11/2020","12,45","12,30","12,45","12,30","0,55K","0,97%"
"17/11/2020","12,33","12,30","12,37","12,24","0,29K","0,41%"
"16/11/2020","12,28","12,29","12,42","12,24","0,27K","1,91%"
"13/11/2020","12,05","12,05","12,05","12,05","0,00K","0,00%"
"12/11/2020","12,05","12,05","12,05","12,05","","-1,47%"
"11/11/2020","12,23","12,23","12,23","12,23","0,00K","-0,49%"
"10/11/2020","12,29","12,29","12,29","12,29","","-0,81%"
"09/11/2020","12,39","12,39","12,39","12,39","","-0,16%"
"06/11/2020","12,41","12,41","12,41","12,41","0,00K","-2,05%"
"05/11/2020","12,67","12,67","12,67","12,67","0,01K","1,20%"
"04/11/2020","12,52","12,52","12,52","12,52","","0,24%"
"03/11/2020","12,49","12,54","12,55","12,53","0,02K","-0,40%"
"02/11/2020","12,54","12,48","12,54","12,48","0,12K","0,08%"
"30/10/2020","12,53","12,46","12,64","12,45","0,14K","0,48%"
"29/10/2020","12,47","12,48","12,48","12,35","0,23K","0,00%"
"28/10/2020","12,47","12,58","12,60","12,43","0,39K","-0,08%"
"27/10/2020","12,48","12,28","12,52","12,27","0,86K","1,55%"
"26/10/2020","12,29","12,35","12,45","12,27","0,41K","-0,49%"
"23/10/2020","12,35","12,21","12,35","12,18","1,30K","1,06%"
"22/10/2020","12,22","12,20","12,25","12,18","1,18K","0,16%"
"21/10/2020","12,20","12,20","12,30","12,18","1,32K","-0,33%"
"20/10/2020","12,24","12,44","12,44","12,18","1,38K","-1,69%"
"19/10/2020","12,45","12,37","12,47","12,36","0,60K","0,57%"
"16/10/2020","12,38","12,48","12,52","12,36","1,16K","-1,12%"
"15/10/2020","12,52","12,41","12,56","12,41","0,53K","0,72%"
"14/10/2020","12,43","12,24","12,55","12,21","0,67K","1,64%"
"13/10/2020","12,23","12,29","12,35","12,23","0,55K","-0,57%"
"12/10/2020","12,30","12,51","12,52","12,27","0,34K","-1,28%"
"09/10/2020","12,46","12,65","12,71","11,85","1,07K","-1,50%"
"08/10/2020","12,65","12,64","12,73","12,63","0,45K","-0,08%"
"07/10/2020","12,66","12,61","12,71","12,60","0,36K","0,32%"
"06/10/2020","12,62","12,67","12,75","12,62","0,35K","-0,63%"
"05/10/2020","12,70","12,51","12,76","12,51","0,89K","1,20%"
"02/10/2020","12,55","12,51","12,57","12,49","0,22K","0,32%"
"01/10/2020","12,51","12,45","12,55","12,45","0,26K","0,32%"
"30/09/2020","12,47","12,48","12,52","12,42","0,37K","-0,32%"
"29/09/2020","12,51","12,46","12,57","12,42","0,32K","0,40%"
"28/09/2020","12,46","12,45","12,50","12,43","0,13K","0,08%"
"25/09/2020","12,45","12,55","12,59","12,38","0,31K","-0,88%"
"24/09/2020","12,56","12,48","12,59","12,45","0,46K","0,56%"
"23/09/2020","12,49","12,48","12,60","12,32","0,29K","-0,24%"
"22/09/2020","12,52","12,25","12,54","12,21","0,28K","2,45%"
"21/09/2020","12,22","12,51","12,57","12,12","0,51K","-2,40%"
"18/09/2020","12,52","12,25","12,55","12,22","0,29K","2,20%"
"17/09/2020","12,25","12,16","12,29","12,12","0,20K","0,74%"
"16/09/2020","12,16","12,12","12,18","12,12","0,24K","0,08%"
"15/09/2020","12,15","12,09","12,19","12,09","0,53K","-0,49%"
"14/09/2020","12,21","12,21","12,21","12,21","0,00K","0,00%"
"11/09/2020","12,21","12,45","14,00","12,45","0,01K","-2,94%"
"10/09/2020","12,58","12,58","12,58","12,58","","0,32%"
"09/09/2020","12,54","12,54","12,54","12,54","","-0,08%"
"08/09/2020","12,55","12,55","12,55","12,55","","0,40%"
"04/09/2020","12,50","12,52","12,52","12,52","0,02K","0,40%"
"03/09/2020","12,45","12,54","12,54","12,54","0,00K","0,48%"
"02/09/2020","12,39","12,39","12,39","12,39","0,00K","1,14%"
"01/09/2020","12,25","12,25","12,25","12,25","0,01K","-1,92%"
"31/08/2020","12,49","12,60","12,60","12,60","0,04K","1,38%"
"28/08/2020","12,32","12,70","12,73","12,35","0,33K","-2,38%"
"27/08/2020","12,62","12,21","12,59","12,20","0,24K","2,94%"
"26/08/2020","12,26","12,06","12,28","12,06","0,44K","2,00%"
"25/08/2020","12,02","12,11","12,15","11,98","0,53K","-1,96%"
"24/08/2020","12,26","12,29","12,49","12,21","0,80K","-0,33%"
"21/08/2020","12,30","12,17","12,32","12,14","0,65K","1,15%"
"20/08/2020","12,16","12,04","12,22","12,01","0,44K","1,00%"
"19/08/2020","12,04","11,96","12,04","11,85","0,88K","1,01%"
"18/08/2020","11,92","11,97","12,04","11,91","0,82K","-0,42%"
"17/08/2020","11,97","11,89","11,98","11,88","0,71K","0,67%"
"14/08/2020","11,89","11,72","11,90","11,72","0,76K","1,11%"
"13/08/2020","11,76","11,72","11,80","11,70","0,42K","-0,17%"
"12/08/2020","11,78","11,66","11,79","11,66","0,47K","0,86%"
"11/08/2020","11,68","11,70","11,78","11,68","0,33K","-0,26%"
"10/08/2020","11,71","11,51","11,72","11,51","0,34K","1,56%"
"07/08/2020","11,53","11,52","11,58","11,51","0,23K","0,44%"
"06/08/2020","11,48","11,68","11,68","11,46","0,41K","-1,71%"
"05/08/2020","11,68","11,62","11,75","11,60","0,22K","0,95%"
"04/08/2020","11,57","11,61","11,71","11,55","0,29K","-0,17%"
"03/08/2020","11,59","11,64","11,67","11,55","0,28K","-0,09%"
"31/07/2020","11,60","11,61","11,64","11,53","0,21K","0,52%"
"30/07/2020","11,54","11,36","11,90","11,35","0,60K","1,41%"
"29/07/2020","11,38","11,40","11,48","11,35","0,57K","-0,44%"
"28/07/2020","11,43","11,62","11,62","11,21","0,87K","-1,80%"
"27/07/2020","11,64","11,84","11,86","11,61","0,51K","-1,36%"
"24/07/2020","11,80","11,82","11,87","11,79","0,25K","-0,34%"
"23/07/2020","11,84","11,85","11,90","11,83","0,15K","-0,25%"
"22/07/2020","11,87","11,84","11,90","11,81","0,18K","0,59%"
"21/07/2020","11,80","11,79","11,88","11,77","0,25K","-0,08%"
"20/07/2020","11,81","11,85","11,87","11,76","0,30K","-0,08%"
"17/07/2020","11,82","11,79","11,88","11,77","0,22K","0,25%"
"16/07/2020","11,79","11,96","11,98","11,71","0,37K","-1,67%"
"15/07/2020","11,99","12,04","12,06","11,94","0,22K","-25,90%"
"14/07/2020","16,18","16,18","16,18","16,18","","0,00%"
"13/07/2020","16,18","16,18","16,18","16,18","","0,12%"
"10/07/2020","16,16","16,16","16,16","16,16","","-0,98%"
"09/07/2020","16,32","17,80","17,90","17,80","0,02K","0,00%"
"08/07/2020","16,32","16,32","16,32","16,32","0,03K","-1,21%"
"07/07/2020","16,52","17,50","17,75","17,50","0,01K","0,67%"
"06/07/2020","16,41","16,41","16,41","16,41","","-0,67%"
"02/07/2020","16,52","16,50","17,25","16,50","0,02K","3,64%"
"01/07/2020","15,94","19,90","19,90","16,99","0,10K","9,86%"
"30/06/2020","14,51","20,30","20,30","19,97","0,00K","5,91%"
"29/06/2020","13,70","13,45","14,51","13,45","0,06K","0,96%"
"26/06/2020","13,57","13,50","13,68","13,10","0,22K","0,15%"
"25/06/2020","13,55","14,04","14,05","13,53","0,23K","-2,80%"
"24/06/2020","13,94","14,14","14,15","13,87","0,11K","-0,85%"
"23/06/2020","14,06","14,00","14,17","13,93","0,12K","0,43%"
"22/06/2020","14,00","14,04","14,38","13,90","0,16K","-0,14%"
"19/06/2020","14,02","14,10","14,35","13,97","0,13K","-0,14%"
"18/06/2020","14,04","14,42","14,63","13,96","0,22K","-3,44%"
"17/06/2020","14,54","15,40","15,40","14,31","0,48K","-7,57%"
"16/06/2020","15,73","16,72","16,72","15,73","0,26K","-5,70%"
"15/06/2020","16,68","16,10","17,09","16,10","1,04K","3,80%"
"12/06/2020","16,07","14,55","16,07","14,20","0,79K","10,37%"
"11/06/2020","14,56","16,00","16,05","14,56","2,11K","-9,40%"
"10/06/2020","16,07","16,07","16,66","16,07","0,88K","-8,54%"
"09/06/2020","17,57","17,57","17,57","17,57","0,54K","-7,87%"
"08/06/2020","19,07","19,07","19,07","19,07","0,11K","-7,29%"
"05/06/2020","20,57","22,21","23,57","20,57","0,80K","-6,80%"
"04/06/2020","22,07","20,68","22,07","20,63","1,45K","7,29%"
"03/06/2020","20,57","19,20","20,57","19,07","1,27K","7,87%"
"02/06/2020","19,07","18,10","19,07","18,10","1,19K","5,30%"
"01/06/2020","18,11","17,20","18,16","17,02","1,27K","5,23%"
"29/05/2020","17,21","16,88","17,32","16,82","0,80K","1,89%"
"28/05/2020","16,89","16,40","17,31","16,30","1,02K","3,24%"
"27/05/2020","16,36","16,25","16,40","16,22","0,29K","0,74%"
"26/05/2020","16,24","16,01","16,39","16,00","0,30K","1,18%"
"22/05/2020","16,05","16,02","16,12","16,00","0,18K","0,06%"
"21/05/2020","16,04","16,08","16,08","15,94","0,20K","-0,31%"
"20/05/2020","16,09","16,05","16,20","16,00","0,25K","0,12%"
"19/05/2020","16,07","16,03","16,16","15,91","0,26K","0,00%"
"18/05/2020","16,07","16,05","16,38","15,99","0,47K","0,31%"
"15/05/2020","16,02","15,95","16,04","15,54","0,57K","-8,04%"
"14/05/2020","17,42","17,42","17,42","17,42","0,01K","0,00%"
"13/05/2020","17,42","17,42","17,42","17,42","0,02K","1,10%"
"12/05/2020","17,23","17,25","17,25","17,25","0,01K","2,50%"
"11/05/2020","16,81","17,51","17,51","17,51","0,00K","0,66%"
"08/05/2020","16,70","16,70","16,70","16,70","","-0,89%"
"07/05/2020","16,85","16,85","16,85","16,85","","0,96%"
"06/05/2020","16,69","16,77","16,79","16,77","0,01K","3,41%"
"05/05/2020","16,14","16,10","16,10","16,10","0,00K","-0,37%"
"04/05/2020","16,20","16,20","16,20","16,20","","-3,40%"
"01/05/2020","16,77","16,37","16,37","15,78","0,06K","-2,27%"
"30/04/2020","17,16","18,14","18,70","16,35","0,11K","-4,67%"
"29/04/2020","18,00","17,00","17,85","16,55","0,12K","6,76%"
"28/04/2020","16,86","17,15","17,32","16,14","0,33K","-0,71%"
"27/04/2020","16,98","16,56","17,00","16,23","0,84K","2,23%"
"24/04/2020","16,61","16,89","17,20","16,00","0,53K","-0,42%"
"23/04/2020","16,68","15,75","16,68","15,75","1,50K","5,44%"
"22/04/2020","15,82","15,21","15,91","15,00","1,10K","4,49%"
"21/04/2020","15,14","14,53","15,23","14,40","1,39K","3,98%"
"20/04/2020","14,56","14,50","14,73","14,44","0,87K","0,48%"
"17/04/2020","14,49","14,37","14,52","14,34","0,43K","1,19%"
"16/04/2020","14,32","14,27","14,34","14,24","0,92K","0,92%"
"15/04/2020","14,19","14,27","14,36","14,13","0,48K","-0,63%"
"14/04/2020","14,28","14,35","14,47","14,12","0,79K","-0,28%"
"13/04/2020","14,32","14,46","14,61","14,31","0,46K","-1,38%"
"09/04/2020","14,52","14,21","14,54","14,19","0,49K","1,47%"
"08/04/2020","14,31","14,38","14,39","14,07","0,59K","-0,21%"
"07/04/2020","14,34","14,64","14,66","14,06","0,82K","-2,32%"
"06/04/2020","14,68","14,61","14,74","14,60","0,90K","0,89%"
"03/04/2020","14,55","14,30","14,68","14,27","1,06K","2,18%"
"02/04/2020","14,24","14,06","14,33","14,05","0,76K","1,35%"
"01/04/2020","14,05","14,00","14,14","13,81","1,22K","0,07%"
"31/03/2020","14,04","14,10","14,13","14,00","0,71K","-0,43%"
"30/03/2020","14,10","13,99","14,17","13,97","0,64K","0,93%"
"27/03/2020","13,97","13,72","14,09","13,72","0,39K","1,45%"
"26/03/2020","13,77","13,56","13,81","13,56","0,52K","1,10%"
"25/03/2020","13,62","13,29","13,65","13,28","0,47K","2,56%"
"24/03/2020","13,28","13,23","13,39","13,21","0,36K","0,38%"
"23/03/2020","13,23","13,38","13,49","13,15","0,65K","-0,45%"
"20/03/2020","13,29","14,01","14,02","13,23","1,07K","-4,53%"
"19/03/2020","13,92","14,18","14,32","13,89","1,02K","-2,59%"
"18/03/2020","14,29","13,93","14,35","13,80","1,50K","2,44%"
"17/03/2020","13,95","13,62","14,06","13,58","1,91K","2,42%"
"16/03/2020","13,62","13,35","13,66","13,27","0,94K","3,81%"
"13/03/2020","13,12","12,86","12,86","12,86","0,00K","-0,23%"
"12/03/2020","13,15","13,15","13,15","13,15","","1,39%"
"11/03/2020","12,97","13,02","13,02","13,02","0,00K","0,93%"
"10/03/2020","12,85","12,81","12,84","12,81","0,07K","0,55%"
"09/03/2020","12,78","12,80","12,85","12,75","0,02K","-0,78%"
"06/03/2020","12,88","13,10","13,10","12,82","0,03K","-1,15%"
"05/03/2020","13,03","13,46","13,47","13,15","0,02K","-2,76%"
"04/03/2020","13,40","13,46","13,46","13,46","0,00K","-0,45%"
"03/03/2020","13,46","13,59","13,59","13,59","0,09K","-0,30%"
"02/03/2020","13,50","13,56","13,64","13,56","0,02K","-0,15%"
"28/02/2020","13,52","13,37","13,66","13,37","0,14K","0,82%"
"27/02/2020","13,41","13,41","13,54","13,28","0,52K","-0,15%"
"26/02/2020","13,43","13,40","13,50","13,36","0,71K","0,45%"
"25/02/2020","13,37","13,32","13,47","13,30","1,37K","0,00%"
"24/02/2020","13,37","13,41","13,41","13,26","0,75K","-0,07%"
"21/02/2020","13,38","13,40","13,45","13,31","1,09K","-0,45%"
"20/02/2020","13,44","13,42","13,52","13,38","0,83K","0,07%"
"19/02/2020","13,43","13,42","13,47","13,34","0,57K","0,00%"
"18/02/2020","13,43","13,30","13,46","13,30","1,53K","0,75%"
"14/02/2020","13,33","13,29","13,42","13,24","0,79K","0,23%"
"13/02/2020","13,30","13,40","13,40","13,08","1,77K","-0,67%"
"12/02/2020","13,39","13,55","13,60","13,38","1,31K","-1,62%"
"11/02/2020","13,61","13,75","13,75","13,54","1,73K","-0,66%"
"10/02/2020","13,70","13,60","13,86","13,57","1,18K","0,59%"
"07/02/2020","13,62","13,53","13,65","13,51","0,53K","0,67%"
"06/02/2020","13,53","13,54","13,55","13,48","0,64K","-0,07%"
"05/02/2020","13,54","13,45","13,57","13,43","0,91K","-0,37%"
"04/02/2020","13,59","13,58","13,61","13,50","0,48K","0,22%"
"03/02/2020","13,56","13,57","13,66","13,49","0,56K","-0,37%"
"31/01/2020","13,61","13,65","13,68","13,46","0,52K","0,37%"
"30/01/2020","13,56","13,69","13,72","13,48","0,80K","-0,73%"
"29/01/2020","13,66","13,60","13,74","13,56","1,00K","0,52%"
"28/01/2020","13,59","13,47","13,61","13,40","0,57K","0,89%"
"27/01/2020","13,47","13,48","13,55","13,35","0,41K","-0,88%"
"24/01/2020","13,59","13,58","13,65","13,53","0,33K","-0,22%"
"23/01/2020","13,62","13,43","13,71","13,38","0,76K","1,34%"
"22/01/2020","13,44","13,39","13,47","13,35","0,32K","0,22%"
"21/01/2020","13,41","13,48","13,59","13,38","0,44K","-0,81%"
"17/01/2020","13,52","13,33","13,63","13,30","0,90K","1,35%"
"16/01/2020","13,34","13,37","13,42","13,27","0,61K","-0,15%"
"15/01/2020","13,36","13,35","13,41","13,26","0,88K","2,38%"
"14/01/2020","13,05","12,96","12,96","12,96","0,01K","0,62%"
"13/01/2020","12,97","13,10","13,10","13,02","0,02K","-0,77%"
"10/01/2020","13,07","12,92","12,92","12,92","0,00K","0,54%"
"09/01/2020","13,00","12,91","12,92","12,91","0,00K","1,25%"
"08/01/2020","12,84","12,84","12,84","12,84","0,02K","0,00%"
"07/01/2020","12,84","12,82","12,82","12,82","0,00K","0,23%"
"06/01/2020","12,81","12,87","12,87","12,87","0,00K","-1,39%"